source_row,source_rows,source_page,generic_name,strength,dosage_form,route,base_uom,canonical_key,matched_product_id,import_status,notes
"1","1","1","Aspirin","75 mg","Tablet (delayed Release)","","Tablet","aspirin|75mg|tabletdelayedrelease","918f3499-b013-41b1-bddb-e2badae81191","EXISTING_MATCH","Explicit tablet dosage form."
"2","2","1","Paclitaxel(protein Bound Particles)","100 mg/Vial","Suspension For Injection","","Piece","paclitaxelproteinboundparticles|100mgvial|suspensionforinjection","4d5fb747-ff8a-444f-9f12-70803a8131b5","EXISTING_MATCH","Neutral base unit; commercial presentation is not unambiguous from the source."
"3","3,4","1","Acetylcysteine","200 mg/mL","Infusion","","Piece","acetylcysteine|200mgml|infusion","d25b1d2c-86df-434b-8288-df35cdc5021e","EXISTING_MATCH","Neutral base unit; commercial presentation is not unambiguous from the source."
"5","5,23,292","1","Azithromycin","500 mg","Tablet","","Tablet","azithromycin|500mg|tablet","098b84df-ae8c-43b6-8799-c97500a37b3e","EXISTING_MATCH","Explicit tablet dosage form."
"6","6","1","Adalimumab","40 mg","Injection","","Piece","adalimumab|40mg|injection","b07889d9-17e4-430d-9e82-c76371913211","EXISTING_MATCH","Neutral base unit; commercial presentation is not unambiguous from the source."
"7","7","1","Adapalene","2 %","Cream","","Piece","adapalene|2|cream","44ddbdb1-7a6b-43fb-b8d4-48a15324b05d","EXISTING_MATCH","Neutral base unit; commercial presentation is not unambiguous from the source."
"8","8,287","1","Apixaban","5 mg","Tablet","","Tablet","apixaban|5mg|tablet","06013f3c-add2-44ac-adc7-26dd1550fb80","EXISTING_MATCH","Explicit tablet dosage form."
"9","9","1","Amiodarone","100 mg","Tablet","","Tablet","amiodarone|100mg|tablet","fedf9769-235e-4ce7-84c2-9df42076409d","EXISTING_MATCH","Explicit tablet dosage form."
"10","10,11","1","Amikacin","250 mg/mL","Injection","","Piece","amikacin|250mgml|injection","ce40f439-ccba-41f0-a2e9-cb3bdf2cf637","EXISTING_MATCH","Neutral base unit; commercial presentation is not unambiguous from the source."
"12","12,13","1","Amikacin","250 mg/1 mL","Injection","","Piece","amikacin|250mg1ml|injection","34bd1ea6-d265-4afe-a54a-26f3eae2b4db","EXISTING_MATCH","Neutral base unit; commercial presentation is not unambiguous from the source."
"14","14","2","Aminophylline","25 mg/mL","Injection","","Piece","aminophylline|25mgml|injection","c318b82c-8adb-4130-8596-0bcc4aadac7a","EXISTING_MATCH","Neutral base unit; commercial presentation is not unambiguous from the source."
"15","15","2","Amlodipine","5 mg","Tablet","","Tablet","amlodipine|5mg|tablet","0f2fb8fd-7c51-4295-8c06-452836590b2b","EXISTING_MATCH","Explicit tablet dosage form."
"16","16","2","Aripiprazole","10 mg","Tablet","","Tablet","aripiprazole|10mg|tablet","19cf2558-814f-4c47-a992-63f1f39710ef","EXISTING_MATCH","Explicit tablet dosage form."
"17","17","2","Aripiprazole","15 mg","Tablet","","Tablet","aripiprazole|15mg|tablet","7b5b77a5-8db3-4d97-898d-5cf679dcc832","EXISTING_MATCH","Explicit tablet dosage form."
"18","18","2","Aripiprazole","5 mg","Tablet","","Tablet","aripiprazole|5mg|tablet","fe9295ae-060c-48c1-b583-6628cd40562a","EXISTING_MATCH","Explicit tablet dosage form."
"19","19,137","2","Atorvastatin","10 mg","Tablet","","Tablet","atorvastatin|10mg|tablet","52e0df25-89b2-4492-a22d-58ffd3b90122","EXISTING_MATCH","Explicit tablet dosage form."
"20","20","2","Escitalopram","5 mg","Tablet","","Tablet","escitalopram|5mg|tablet","8868d37d-a4e9-41ad-8579-0107c6848674","EXISTING_MATCH","Explicit tablet dosage form."
"21","21","2","Metronidazole","400 mg","Tablet","","Tablet","metronidazole|400mg|tablet","086a733d-ca6c-43f5-8095-ba022236fb09","EXISTING_MATCH","Explicit tablet dosage form."
"22","22","2","Azithromycin","250 mg","Capsule","","Capsule","azithromycin|250mg|capsule","4b1e2ef4-bf92-47bf-894c-1adc2ccfc544","EXISTING_MATCH","Explicit capsule dosage form."
"24","24","2","Azithromycin","200 mg/5 mL","Oral Suspension","","Piece","azithromycin|200mg5ml|oralsuspension","6fed2350-4365-4538-be9a-87ea895ae20e","EXISTING_MATCH","Neutral base unit; commercial presentation is not unambiguous from the source."
"25","25,291","2","Atorvastatin","40 mg","Tablet","","Tablet","atorvastatin|40mg|tablet","c5e2dc63-9e66-45f2-8a4c-206d9b6519c8","EXISTING_MATCH","Explicit tablet dosage form."
"26","26","2","Baclofen","10 mg","Tablet","","Tablet","baclofen|10mg|tablet","7e677dc4-d39a-4410-88b8-b640a8c52019","EXISTING_MATCH","Explicit tablet dosage form."
"27","27,28,29","2","Chlorhexidine Gluconate","4 %","Solution","","Piece","chlorhexidinegluconate|4|solution","845bc4a0-8aed-41ef-be43-047c456e25f1","EXISTING_MATCH","Neutral base unit; commercial presentation is not unambiguous from the source."
"30","30","2","Cefotaxime","1 g","Injection","","Piece","cefotaxime|1g|injection","21fc7c13-eaa2-4997-b6d0-954e098e73db","EXISTING_MATCH","Neutral base unit; commercial presentation is not unambiguous from the source."
"31","31","3","Abiraterone","500 mg","Tablet","","Tablet","abiraterone|500mg|tablet","75df30e3-eb08-4a0b-af61-e7db700ff6ac","EXISTING_MATCH","Explicit tablet dosage form."
"32","32","3","Beclomethasone","400 mcg","Inhalation Capsules","","Piece","beclomethasone|400mcg|inhalationcapsules","08612ab5-b0f0-404f-a51c-542a694810b6","EXISTING_MATCH","Neutral base unit; commercial presentation is not unambiguous from the source."
"33","33,34","3","Clobetasol","0.05 %","Cream","","Piece","clobetasol|005|cream","8b9da117-2e57-49b5-9a98-bfcc625ec9f0","EXISTING_MATCH","Neutral base unit; commercial presentation is not unambiguous from the source."
"35","35","3","Bendamustine","100 mg","Injection","","Piece","bendamustine|100mg|injection","37e35a4f-2973-4595-83d1-60f2935b500e","EXISTING_MATCH","Neutral base unit; commercial presentation is not unambiguous from the source."
"36","36","3","Benzoyl Peroxide","5.00 %","Gel","","Piece","benzoylperoxide|500|gel","c4294749-7af6-4185-87d1-f92c0ac827d7","EXISTING_MATCH","Neutral base unit; commercial presentation is not unambiguous from the source."
"37","37","3","Betahistine","16 mg","Tablet","","Tablet","betahistine|16mg|tablet","543b21ba-6fe9-4ee5-993d-1b030bbe1d57","EXISTING_MATCH","Explicit tablet dosage form."
"38","38","3","Betamethasone","0.10 %","Eye/ear Drops","","Piece","betamethasone|010|eyeeardrops","a3ccf582-5b99-41aa-9a6a-dda47b63feec","EXISTING_MATCH","Neutral base unit; commercial presentation is not unambiguous from the source."
"39","39,265","3","Betahistine","8 mg","Tablet","","Tablet","betahistine|8mg|tablet","5986d1ac-9a3d-4beb-9deb-eac17c780785","EXISTING_MATCH","Explicit tablet dosage form."
"40","40","3","Sterile Cardioplagia Solution","20 mL","Infusion","","Piece","sterilecardioplagiasolution|20ml|infusion","1c338012-292e-4dc4-a47b-d4d64805f657","EXISTING_MATCH","Neutral base unit; commercial presentation is not unambiguous from the source."
"41","41","3","Bisoprolol","2.5 mg","Tablet","","Tablet","bisoprolol|25mg|tablet","88787157-0a52-42c9-babd-4dcf5acc4428","EXISTING_MATCH","Explicit tablet dosage form."
"42","42","3","Budesonide","0.5 mg/2 mL","Nebulizer Suspension","","Piece","budesonide|05mg2ml|nebulizersuspension","21fa22d8-6692-405b-b540-9fda6af7c93c","EXISTING_MATCH","Neutral base unit; commercial presentation is not unambiguous from the source."
"43","43","3","Cholecalciferol","60,000 IU","Tablet (chewable)","","Tablet","cholecalciferol|60000iu|tabletchewable","c1eeeb70-6b9b-488a-b26d-46950182708b","EXISTING_MATCH","Explicit tablet dosage form."
"44","44","3","Cholecalciferol","400 IU","Tablet (chewable)","","Tablet","cholecalciferol|400iu|tabletchewable","d208909a-ccc4-4747-b69b-b5e483696ffc","EXISTING_MATCH","Explicit tablet dosage form."
"45","45","3","Clotrimazole","1 %","Cream","","Piece","clotrimazole|1|cream","53dd03bc-45c9-41e7-859b-edf667f4172e","EXISTING_MATCH","Neutral base unit; commercial presentation is not unambiguous from the source."
"46","46","3","Capecitabine","500 mg","Tablet","","Tablet","capecitabine|500mg|tablet","1ea8a0cd-051f-4dde-9739-08915d14e3f1","EXISTING_MATCH","Explicit tablet dosage form."
"47","47","4","Carbamazepine","100 mg","Tablet","","Tablet","carbamazepine|100mg|tablet","5a906bf0-808e-4f01-af4f-424ca26baf2c","EXISTING_MATCH","Explicit tablet dosage form."
"48","48","4","Carbimazole","5 mg","Tablet","","Tablet","carbimazole|5mg|tablet","ea494855-40fe-4c03-af4b-946ffe3935c2","EXISTING_MATCH","Explicit tablet dosage form."
"49","49,313","4","Carvedilol","6.25 mg","Tablet","","Tablet","carvedilol|625mg|tablet","0c449896-1672-44d4-a2b2-9bab5c80cb12","EXISTING_MATCH","Explicit tablet dosage form."
"50","50","4","Aspirin","300 mg","Tablet","","Tablet","aspirin|300mg|tablet","9f873ffc-d605-46ea-b0cf-586f4d648296","EXISTING_MATCH","Explicit tablet dosage form."
"51","51","4","Cefuroxime","125 mg","Tablet","","Tablet","cefuroxime|125mg|tablet","2257bcc4-2d84-4605-9c6e-45fa4e27097f","EXISTING_MATCH","Explicit tablet dosage form."
"52","52","4","Metformin","1000 mg","Tablet","","Tablet","metformin|1000mg|tablet","0fc4c85b-cfe0-427d-9e6d-948c3386e80d","EXISTING_MATCH","Explicit tablet dosage form."
"53","53","4","Diclofenac Sodium","100 mg","Tablet (gastro- Resistant)","","Tablet","diclofenacsodium|100mg|tabletgastroresistant","80da9552-045b-4392-8ff8-b73a6d2b2324","EXISTING_MATCH","Explicit tablet dosage form."
"54","54","4","Gemcitabine","200 mg","Injection","","Piece","gemcitabine|200mg|injection","b848e695-6ee6-4e67-83eb-b9f89ded6267","EXISTING_MATCH","Neutral base unit; commercial presentation is not unambiguous from the source."
"55","55","4","Cefixime","200 mg","Tablet","","Tablet","cefixime|200mg|tablet","c27a7687-08f1-40da-86ac-7e8172ab687d","EXISTING_MATCH","Explicit tablet dosage form."
"56","56,332","4","Cisatracurium Besylate","10 mg/5 mL","Injection","","Piece","cisatracuriumbesylate|10mg5ml|injection","8d20b3ab-0555-45c9-9b6b-61e5773a4a52","EXISTING_MATCH","Neutral base unit; commercial presentation is not unambiguous from the source."
"57","57","4","Clindamycin","150 mg","Capsule","","Capsule","clindamycin|150mg|capsule","a9cfcbbb-faf8-42a9-a074-b69a5786b8e2","EXISTING_MATCH","Explicit capsule dosage form."
"58","58","4","Clobazam","10 mg","Tablet","","Tablet","clobazam|10mg|tablet","8db0314a-b2b1-437d-b034-b20ce1c7e5a8","EXISTING_MATCH","Explicit tablet dosage form."
"59","59","4","Clopidogrel","75 mg","Tablet","","Tablet","clopidogrel|75mg|tablet","91a4ee0d-ccf7-42ab-ba3e-18affb1e80e3","EXISTING_MATCH","Explicit tablet dosage form."
"60","60,104,105","4","Hydrocortisone","100 mg","Injection","","Piece","hydrocortisone|100mg|injection","9f30c693-7950-4f35-aea5-5ff551d8d137","EXISTING_MATCH","Neutral base unit; commercial presentation is not unambiguous from the source."
"61","61","4","Clobetasol","0.05 %","Ointment","","Piece","clobetasol|005|ointment","6e4589f3-6a69-453c-bba3-e42ff146835c","EXISTING_MATCH","Neutral base unit; commercial presentation is not unambiguous from the source."
"62","62","4","Dabigatran","110 mg","Capsule","","Capsule","dabigatran|110mg|capsule","1a8decc2-30cb-4823-8b13-a74914e50f57","EXISTING_MATCH","Explicit capsule dosage form."
"63","63","4","Terbinafine","250 mg","Tablet","","Tablet","terbinafine|250mg|tablet","5487d8c6-c781-4851-8b2a-a2b2a14a8ac8","EXISTING_MATCH","Explicit tablet dosage form."
"64","64","5","Darbepoetin Alfa","25 mcg/0.42 mL","Injection","","Piece","darbepoetinalfa|25mcg042ml|injection","3cfdacd5-1965-40b4-b83a-3738c7a5cf04","EXISTING_MATCH","Neutral base unit; commercial presentation is not unambiguous from the source."
"65","65","5","Cholecalciferol","10,000 IU","Capsule","","Capsule","cholecalciferol|10000iu|capsule","65da9bb2-d7e6-4c37-89e4-005d05f566ed","EXISTING_MATCH","Explicit capsule dosage form."
"66","66","5","Dexmedetomidine","200 mcg/2 mL","Injection","","Piece","dexmedetomidine|200mcg2ml|injection","1f987622-498f-4c6a-adb2-fd9d05355331","EXISTING_MATCH","Neutral base unit; commercial presentation is not unambiguous from the source."
"67","67","5","Metformin","850 mg","Tablet","","Tablet","metformin|850mg|tablet","33e5631f-ad0f-4278-8645-c22fffae2cee","EXISTING_MATCH","Explicit tablet dosage form."
"68","68","5","Aceclofenac","200 mg","Tablet (sustained Release)","","Tablet","aceclofenac|200mg|tabletsustainedrelease","56329c2f-4c28-44ad-b91c-7380f33ab5b5","EXISTING_MATCH","Explicit tablet dosage form."
"69","69","5","Dopamine","200 mg/5 mL","Injection","","Piece","dopamine|200mg5ml|injection","6b916d80-c815-4fa1-aa5b-750ce899f839","EXISTING_MATCH","Neutral base unit; commercial presentation is not unambiguous from the source."
"70","70","5","Doxycycline","100 mg","Capsule","","Capsule","doxycycline|100mg|capsule","fe0906e5-1004-4cd5-9a26-61fcf6c87a13","EXISTING_MATCH","Explicit capsule dosage form."
"71","71","5","Duloxetine","60 mg","Capsule (delayed Release)","","Capsule","duloxetine|60mg|capsuledelayedrelease","5a975bbb-9e25-4baa-a91a-37829d7429d5","EXISTING_MATCH","Explicit capsule dosage form."
"72","72","5","Ipratropium Bromide + Salbutamol","500 mcg + 2.5 mg/2.5 mL","Respirator Solution","","Piece","ipratropiumbromidesalbutamol|500mcg25mg25ml|respiratorsolution","5d94a9ad-2337-4ee2-ad5e-ed51161658ee","EXISTING_MATCH","Neutral base unit; commercial presentation is not unambiguous from the source."
"73","73","5","Cholecalciferol","60,000 IU","Capsule","","Capsule","cholecalciferol|60000iu|capsule","d3ce3e4f-1385-4d32-9e8b-d39bf9ccfa72","EXISTING_MATCH","Explicit capsule dosage form."
"74","74","5","Cefixime","100 mg/5 mL","Oral Suspension","","Piece","cefixime|100mg5ml|oralsuspension","e9699d26-e609-4369-ab43-d1935f79d381","EXISTING_MATCH","Neutral base unit; commercial presentation is not unambiguous from the source."
"75","75","5","Efavirenz","200 mg","Tablet","","Tablet","efavirenz|200mg|tablet","6f946dba-b372-4419-be99-3930fa984263","EXISTING_MATCH","Explicit tablet dosage form."
"76","76","5","Efavirenz","600 mg","Tablet","","Tablet","efavirenz|600mg|tablet","8578b18d-034b-475b-ada6-42847dcd36c6","EXISTING_MATCH","Explicit tablet dosage form."
"77","77","5","Esomeprazole","20 mg","Tablet","","Tablet","esomeprazole|20mg|tablet","c4fa84d5-e9d3-40b2-a8ab-5c5d483f9c9f","EXISTING_MATCH","Explicit tablet dosage form."
"78","78","5","Empagliflozin","25 mg","Tablet","","Tablet","empagliflozin|25mg|tablet","d8fe3aba-0c61-4e9d-9d64-14faa939b79d","EXISTING_MATCH","Explicit tablet dosage form."
"79","79","5","Eplerenone","25 mg","Tablet","","Tablet","eplerenone|25mg|tablet","24c3f11d-1558-4553-adb1-f08f3df51355","EXISTING_MATCH","Explicit tablet dosage form."
"80","80,81","6","Etomidate","20 mg/10 mL","Injection","","Piece","etomidate|20mg10ml|injection","8cf96f02-b70c-4e86-8d09-056425e194ea","EXISTING_MATCH","Neutral base unit; commercial presentation is not unambiguous from the source."
"82","82","6","Cefixime","100 mg","Tablet (dispersible)","","Tablet","cefixime|100mg|tabletdispersible","44638c1a-7eaf-4ea4-ab1b-3d8d9c5a4dc9","EXISTING_MATCH","Explicit tablet dosage form."
"83","83","6","Famotidine","20 mg","Tablet","","Tablet","famotidine|20mg|tablet","c9205061-a4fb-4e24-8c93-19dafa35b163","EXISTING_MATCH","Explicit tablet dosage form."
"84","84","6","Medroxyprogesterone","150 mg/mL","Injection","","Piece","medroxyprogesterone|150mgml|injection","d4ef43c5-ebc5-4391-9e68-650bafb50ea6","EXISTING_MATCH","Neutral base unit; commercial presentation is not unambiguous from the source."
"85","85","6","Fat Emulsion + Amino Acid (17)","20 % + 11 %","Infusion","","Piece","fatemulsionaminoacid17|2011|infusion","e573c5e0-9a77-4493-85c4-8dc4d995338f","EXISTING_MATCH","Neutral base unit; commercial presentation is not unambiguous from the source."
"86","86","6","Cefalexin","250 mg","Capsule","","Capsule","cefalexin|250mg|capsule","3aae6e29-cfdf-46df-947e-d1576bffdc34","EXISTING_MATCH","Explicit capsule dosage form."
"87","87","6","Formoterol + Fluticasone","5 mcg + 125 mcg/dose","Inhaler (metered Dose)","","Piece","formoterolfluticasone|5mcg125mcgdose|inhalermetereddose","6067a5f3-61c8-4404-b5a5-f392e12be09c","EXISTING_MATCH","Neutral base unit; commercial presentation is not unambiguous from the source."
"88","88","6","Ofloxacin","0.30 %","Eye Drops","","Drops","ofloxacin|030|eyedrops","1f691f8c-7800-4454-bec8-073381b5db46","EXISTING_MATCH","Explicit drops dosage form."
"89","89","6","Fluconazole","150 mg","Capsule","","Capsule","fluconazole|150mg|capsule","619cc8a6-9677-4c91-af04-bdfadcf47ab2","EXISTING_MATCH","Explicit capsule dosage form."
"90","90","6","Flumazenil","500 mcg/5 mL","Injection","","Piece","flumazenil|500mcg5ml|injection","1605c25f-023f-4dbc-95c3-0221a00971f5","EXISTING_MATCH","Neutral base unit; commercial presentation is not unambiguous from the source."
"91","91","6","Fluticasone","50 mcg/dose","Pressurized Inhalation","","Inhaler","fluticasone|50mcgdose|pressurizedinhalation","3af24cff-02e6-45e7-b305-cebec4b5e106","EXISTING_MATCH","Explicit inhaler presentation."
"92","92","6","Formoterol + Budesonide","6 mcg + 400 mcg","Inhalation Capsule","","Piece","formoterolbudesonide|6mcg400mcg|inhalationcapsule","a1b9a3c6-6cb6-40a2-ae4c-a73270fc73de","EXISTING_MATCH","Neutral base unit; commercial presentation is not unambiguous from the source."
"93","93","6","Framycetin Sulfate","1 %","Cream","","Piece","framycetinsulfate|1|cream","3977cd36-56b6-4fb9-8731-8a8cbd14448a","EXISTING_MATCH","Neutral base unit; commercial presentation is not unambiguous from the source."
"94","94","6","Fusidic Acid","2 %","Ointment","","Piece","fusidicacid|2|ointment","384c0cc2-2c2c-4eca-b3b3-a0a7b86a12d8","EXISTING_MATCH","Neutral base unit; commercial presentation is not unambiguous from the source."
"95","95","7","Gabapentin","100 mg","Capsule","","Capsule","gabapentin|100mg|capsule","1877cb02-4126-43d4-9cf8-465b6d948bb6","EXISTING_MATCH","Explicit capsule dosage form."
"96","96,231","7","Sitagliptin","100 mg","Tablet","","Tablet","sitagliptin|100mg|tablet","8f281a31-d7e3-48b0-a43c-666c1b38ccb8","EXISTING_MATCH","Explicit tablet dosage form."
"97","97,232","7","Sitagliptin","50 mg","Tablet","","Tablet","sitagliptin|50mg|tablet","c7e884c9-95e5-4f92-9fb7-45cb2fe58d6a","EXISTING_MATCH","Explicit tablet dosage form."
"98","98","7","Glimepiride","1 mg","Tablet","","Tablet","glimepiride|1mg|tablet","c8484b52-37f3-49f7-acb1-f79cfb9c9429","EXISTING_MATCH","Explicit tablet dosage form."
"99","99","7","Amphotericin B Liposomal","50 mg","Injection","","Piece","amphotericinbliposomal|50mg|injection","971fad3e-ba9e-451d-a556-104628a1e6ed","EXISTING_MATCH","Neutral base unit; commercial presentation is not unambiguous from the source."
"100","100","7","Methotrexate","50 mg/2 mL","Injection","","Piece","methotrexate|50mg2ml|injection","a31461d6-9065-4488-aa61-215a774e69e3","EXISTING_MATCH","Neutral base unit; commercial presentation is not unambiguous from the source."
"103","103","7","Hydralazine","20 mg/mL","Injection","","Piece","hydralazine|20mgml|injection","c7f38ed6-972e-49b8-bcb4-f3c33cb6c65d","EXISTING_MATCH","Neutral base unit; commercial presentation is not unambiguous from the source."
"106","106","7","Hydroxocobalamin","1 mg/mL","Injection","","Piece","hydroxocobalamin|1mgml|injection","f64e7fd1-60bc-4338-8c7a-d340a88e090d","EXISTING_MATCH","Neutral base unit; commercial presentation is not unambiguous from the source."
"107","107,108,109","7","Immunoglobulin (human Normal)","50 g/L","Solution For Infusion","","Piece","immunoglobulinhumannormal|50gl|solutionforinfusion","aafefd0c-d329-4411-9fd8-57aaf6b8cb77","EXISTING_MATCH","Neutral base unit; commercial presentation is not unambiguous from the source."
"110","110","7","Human Coagulation Factor Viii And Human Von Willebrand Factor","250 IU and 190 IU","Injection","","Piece","humancoagulationfactorviiiandhumanvonwillebrandfactor|250iuand190iu|injection","e5979bf0-a6b2-4464-a6e1-f0d9e785cb6d","EXISTING_MATCH","Neutral base unit; commercial presentation is not unambiguous from the source."
"111","111","8","Influenza Vaccine (inactivated Surface Antigen)","15 mcg/0.5 mL","Injection","","Piece","influenzavaccineinactivatedsurfaceantigen|15mcg05ml|injection","87b88fb7-2b88-43a1-ad7e-f57ca4bf6fdd","EXISTING_MATCH","Neutral base unit; commercial presentation is not unambiguous from the source."
"112","112","8","Irinotecan","100 mg/5 mL","Injection","","Piece","irinotecan|100mg5ml|injection","189cbb88-0a91-4981-86f8-9f465834daba","EXISTING_MATCH","Neutral base unit; commercial presentation is not unambiguous from the source."
"113","113,114,115,116","8","Iohexol","350 mg I/mL","Injection","","Piece","iohexol|350mgiml|injection","fc662229-e428-487d-82ed-8fa8b487a4e9","EXISTING_MATCH","Neutral base unit; commercial presentation is not unambiguous from the source."
"117","117","8","Everolimus","0.25 mg","Tablet","","Tablet","everolimus|025mg|tablet","d4e47ef6-0e37-4289-80bd-ae0e6e4d1e86","EXISTING_MATCH","Explicit tablet dosage form."
"118","118","8","Levetiracetam","750 mg","Tablet (extended Release)","","Tablet","levetiracetam|750mg|tabletextendedrelease","954c1b4a-2978-4c16-83f6-72424f850aad","EXISTING_MATCH","Explicit tablet dosage form."
"119","119","8","Calcium + Cholecalciferol","500 mg + 400 IU","Tablet (chewable)","","Tablet","calciumcholecalciferol|500mg400iu|tabletchewable","0cfbb45f-4183-490c-95fb-114fc6ed07c1","EXISTING_MATCH","Explicit tablet dosage form."
"120","120","8","Cefuroxime","750 mg","Injection","","Piece","cefuroxime|750mg|injection","b0e15d4b-7298-49e2-b2de-07f4af73587e","EXISTING_MATCH","Neutral base unit; commercial presentation is not unambiguous from the source."
"121","121","8","Cefalexin","125 mg/5 mL","Oral Suspension","","Piece","cefalexin|125mg5ml|oralsuspension","32c9d885-6cfd-4ac3-a354-0b4b42d62bb2","EXISTING_MATCH","Neutral base unit; commercial presentation is not unambiguous from the source."
"122","122","8","Phytomenadione","1 mg/0.5 mL","Injection","","Piece","phytomenadione|1mg05ml|injection","dab71ab2-252c-4788-8387-135fbf130cc7","EXISTING_MATCH","Neutral base unit; commercial presentation is not unambiguous from the source."
"123","123","8","Lamotrigine","50 mg","Tablet","","Tablet","lamotrigine|50mg|tablet","26bad9fc-b597-4309-8095-4959c7055e54","EXISTING_MATCH","Explicit tablet dosage form."
"124","124","8","Levocetirizine","5 mg","Tablet","","Tablet","levocetirizine|5mg|tablet","3007bd22-9569-44d1-be45-4e7d33bffbc3","EXISTING_MATCH","Explicit tablet dosage form."
"125","125","8","Lamivudine","150 mg","Tablet","","Tablet","lamivudine|150mg|tablet","b07f1c2d-d3f8-4b0f-9202-f912e5b88023","EXISTING_MATCH","Explicit tablet dosage form."
"126","126","8","Leucovorin Calcium","15 mg/2 mL","Injection","","Piece","leucovorincalcium|15mg2ml|injection","a2a05e40-8a93-49ca-822b-eb025e4e6b9b","EXISTING_MATCH","Neutral base unit; commercial presentation is not unambiguous from the source."
"127","127","9","Levetiracetam","750 mg","Tablet","","Tablet","levetiracetam|750mg|tablet","92f23ada-6646-4c45-935f-99194e48bbb2","EXISTING_MATCH","Explicit tablet dosage form."
"128","128,129,130,131,132,133,134,135","9","Lidocaine","2 %","Injection","","Piece","lidocaine|2|injection","4dfde7e1-6782-4444-8186-3e68b34d1147","EXISTING_MATCH","Neutral base unit; commercial presentation is not unambiguous from the source."
"136","136","9","Linezolid","600 mg/300 mL","Injection","","Piece","linezolid|600mg300ml|injection","b030f5cf-5a30-408d-a731-259ba47d7e68","EXISTING_MATCH","Neutral base unit; commercial presentation is not unambiguous from the source."
"138","138","9","Loratadine","5 mg/5 mL","Oral Solution","","Piece","loratadine|5mg5ml|oralsolution","2d1929d0-7e39-4670-ac31-b3e0e2ee4d53","EXISTING_MATCH","Neutral base unit; commercial presentation is not unambiguous from the source."
"139","139","9","Meloxicam","7.5 mg","Tablet","","Tablet","meloxicam|75mg|tablet","51a98922-daae-4531-a445-276581b8d5f5","EXISTING_MATCH","Explicit tablet dosage form."
"140","140","9","Losartan","25 mg","Tablet","","Tablet","losartan|25mg|tablet","9c4f123a-5f5d-41b2-abba-346ae0c8cd0c","EXISTING_MATCH","Explicit tablet dosage form."
"141","141","9","Leuprolide","3.75 mg","Injection (depot)","","Piece","leuprolide|375mg|injectiondepot","b3bce73c-2494-45be-ab10-41b23f3a391b","EXISTING_MATCH","Neutral base unit; commercial presentation is not unambiguous from the source."
"142","142","10","Mitomycin","2 mg","Injection","","Piece","mitomycin|2mg|injection","b4736c26-a47a-404c-a385-c2889604ba43","EXISTING_MATCH","Neutral base unit; commercial presentation is not unambiguous from the source."
"143","143,144,145","10","Magnesium Sulphate","50 %","Injection","","Piece","magnesiumsulphate|50|injection","03e699c4-3c06-41fb-8518-32b9d4789f41","EXISTING_MATCH","Neutral base unit; commercial presentation is not unambiguous from the source."
"146","146","10","Oxytocin","5 IU/1 mL","Injection","","Piece","oxytocin|5iu1ml|injection","6b58c58f-0dfc-43c3-9b0c-e1b25f5894da","EXISTING_MATCH","Neutral base unit; commercial presentation is not unambiguous from the source."
"147","147","10","Mefanamic Acid","500 mg","Tablet","","Tablet","mefanamicacid|500mg|tablet","f2d6a482-f415-4d24-9d8d-2b3fb52dee47","EXISTING_MATCH","Explicit tablet dosage form."
"149","149,189,317","10","Cefepime","500 mg","Injection","","Piece","cefepime|500mg|injection","b0bc2711-a5fa-464a-9dfd-bacd7674e137","EXISTING_MATCH","Neutral base unit; commercial presentation is not unambiguous from the source."
"150","150","10","Sitagliptin","25 mg","Tablet","","Tablet","sitagliptin|25mg|tablet","bd6699de-b964-47ec-944c-1a71ba4d49d8","EXISTING_MATCH","Explicit tablet dosage form."
"151","151","10","Meropenem","1 g","Injection","","Piece","meropenem|1g|injection","18724e02-2ca0-4b83-854f-70edee31fca4","EXISTING_MATCH","Neutral base unit; commercial presentation is not unambiguous from the source."
"152","152","10","Aceclofenac","100 mg","Tablet","","Tablet","aceclofenac|100mg|tablet","4e74c9f0-e594-4775-a91f-c9c0a29f6d20","EXISTING_MATCH","Explicit tablet dosage form."
"153","153","10","Mesna","200 mg/2 mL","Injection","","Piece","mesna|200mg2ml|injection","af2abb6b-d0d5-4896-b190-0596f22459bf","EXISTING_MATCH","Neutral base unit; commercial presentation is not unambiguous from the source."
"154","154","10","Methylphenidate","10 mg","Tablet","","Tablet","methylphenidate|10mg|tablet","16b70fdd-ab40-4be0-add7-54bdbf4da0fa","EXISTING_MATCH","Explicit tablet dosage form."
"155","155","10","Metoclopramide","10 mg","Tablet","","Tablet","metoclopramide|10mg|tablet","a22f7e89-37ae-46e0-9f5c-5a274c3fc57c","EXISTING_MATCH","Explicit tablet dosage form."
"156","156","10","Metoclopramide","10 mg/2 mL","Injection","","Piece","metoclopramide|10mg2ml|injection","3356cf6d-1405-4d3f-8151-bcbe956a140f","EXISTING_MATCH","Neutral base unit; commercial presentation is not unambiguous from the source."
"157","157","10","Milrinone","1 mg/1 mL","Injection","","Piece","milrinone|1mg1ml|injection","b2c4705b-756a-47a3-a9e3-0e08bfaee0ca","EXISTING_MATCH","Neutral base unit; commercial presentation is not unambiguous from the source."
"158","158","11","Telmisartan","20 mg","Tablet","","Tablet","telmisartan|20mg|tablet","5e3112f5-a194-42bc-8c14-8bc0b8504ca5","EXISTING_MATCH","Explicit tablet dosage form."
"159","159","11","Montelukast","5 mg","Tablet (chewable)","","Tablet","montelukast|5mg|tabletchewable","39659fdd-cc85-4f6a-8094-d8622678f05e","EXISTING_MATCH","Explicit tablet dosage form."
"160","160","11","Mycophenolate","180 mg","Tablet (gastro Resistant)","","Tablet","mycophenolate|180mg|tabletgastroresistant","92f7d419-ca87-4ca5-be3f-3f492e8edb4a","EXISTING_MATCH","Explicit tablet dosage form."
"161","161","11","Mycophenolate","360 mg","Tablet (delayed Release)","","Tablet","mycophenolate|360mg|tabletdelayedrelease","29381d6e-da3a-49c4-97eb-5fd78f5ddd2b","EXISTING_MATCH","Explicit tablet dosage form."
"162","162","11","Midazolam","5 mg/mL","Injection","","Piece","midazolam|5mgml|injection","88007f85-3cfb-4669-8d7a-0b0480a73c10","EXISTING_MATCH","Neutral base unit; commercial presentation is not unambiguous from the source."
"163","163","11","Sodium Chloride","0.65 %","Nasal Spray","","Piece","sodiumchloride|065|nasalspray","26a0f531-85b0-43a2-9bae-5a6e14abcc58","EXISTING_MATCH","Neutral base unit; commercial presentation is not unambiguous from the source."
"164","164","11","Diclofenac Potassium","50 mg","Tablet","","Tablet","diclofenacpotassium|50mg|tablet","258a255e-83eb-4960-8bd1-90db137d469b","EXISTING_MATCH","Explicit tablet dosage form."
"165","165","11","Cyclophosphamide","200 mg","Injection","","Piece","cyclophosphamide|200mg|injection","5cc64e20-3660-46e1-802e-64fbaf011e72","EXISTING_MATCH","Neutral base unit; commercial presentation is not unambiguous from the source."
"166","166,167","11","Etanercept","50 mg/1 mL","Injection (pre- Filled Syringe)","","Piece","etanercept|50mg1ml|injectionprefilledsyringe","6ce340e0-e231-4abf-a615-3199889cdb7c","EXISTING_MATCH","Neutral base unit; commercial presentation is not unambiguous from the source."
"168","168","11","Etanercept","50 mg/1 mL","Injection (pre- Filled Pen)","","Piece","etanercept|50mg1ml|injectionprefilledpen","c5ef8d18-c9e5-43b8-b838-ca330d043ea3","EXISTING_MATCH","Neutral base unit; commercial presentation is not unambiguous from the source."
"169","169","11","Recombinant Human Granulocyte Colony Stimulating Factor","300 mcg/mL","Injection","","Piece","recombinanthumangranulocytecolonystimulatingfactor|300mcgml|injection","c2b23804-1308-4f00-85a7-f4b3e92f15be","EXISTING_MATCH","Neutral base unit; commercial presentation is not unambiguous from the source."
"170","170","11","Nilotinib","150 mg","Capsule","","Capsule","nilotinib|150mg|capsule","1c013d95-792c-4fd0-b4cc-36298870f786","EXISTING_MATCH","Explicit capsule dosage form."
"171","171","11","Nimodipine","10 mg/50 mL","Infusion","","Piece","nimodipine|10mg50ml|infusion","40603e8b-a247-45c1-a1b5-bc755ca4259e","EXISTING_MATCH","Neutral base unit; commercial presentation is not unambiguous from the source."
"172","172","11","Ciprofloxacin","200 mg/100 mL","Infusion","","Piece","ciprofloxacin|200mg100ml|infusion","fee676be-ad94-4bb3-86c4-ee7d397908a8","EXISTING_MATCH","Neutral base unit; commercial presentation is not unambiguous from the source."
"173","173","11","Thiamine Hydrochloride","100 mg/2 mL","Injection","","Piece","thiaminehydrochloride|100mg2ml|injection","2984a005-7a9b-4595-a10f-b9380e34696d","EXISTING_MATCH","Neutral base unit; commercial presentation is not unambiguous from the source."
"174","174","12","Fentanyl","100 mcg/2 mL","Injection","","Piece","fentanyl|100mcg2ml|injection","5e5c98ea-4e46-4eec-b247-d0ade1a452ba","EXISTING_MATCH","Neutral base unit; commercial presentation is not unambiguous from the source."
"175","175","12","Carboxymethylcellulose + Glycerin","0.5 % + 0.9 %","Eye Drops","","Drops","carboxymethylcelluloseglycerin|0509|eyedrops","74b1fb3c-9383-484a-83e3-b9496b66c518","EXISTING_MATCH","Explicit drops dosage form."
"176","176","12","Loratadine","5 mg/5 mL","Suspension","","Piece","loratadine|5mg5ml|suspension","8b8de9e3-254f-4852-b29d-66a5d5d930ee","EXISTING_MATCH","Neutral base unit; commercial presentation is not unambiguous from the source."
"177","177","12","Hyoscine Butylbromide","10 mg","Tablet","","Tablet","hyoscinebutylbromide|10mg|tablet","9ca9552e-2dd6-4565-ad27-22945a55ab0b","EXISTING_MATCH","Explicit tablet dosage form."
"178","178","12","Protamine Sulphate","50 mg/5 mL","Injection","","Piece","protaminesulphate|50mg5ml|injection","ba0726a8-ae24-4c6b-8640-5eae4afca783","EXISTING_MATCH","Neutral base unit; commercial presentation is not unambiguous from the source."
"179","179","12","Oseltamivir","45 mg","Capsule","","Capsule","oseltamivir|45mg|capsule","4a0a480b-9bce-4c41-b2a6-fd1aa2d529d8","EXISTING_MATCH","Explicit capsule dosage form."
"180","180","12","Octreotide","50 mcg/mL","Injection","","Piece","octreotide|50mcgml|injection","def0fccf-bc36-487f-a12d-191208576335","EXISTING_MATCH","Neutral base unit; commercial presentation is not unambiguous from the source."
"181","181","12","Pantoprazole","20 mg","Tablet (delayed Release)","","Tablet","pantoprazole|20mg|tabletdelayedrelease","0964de8a-3c70-4099-b80b-cc969493faab","EXISTING_MATCH","Explicit tablet dosage form."
"182","182","12","Paracetamol","500 mg","Tablet","","Tablet","paracetamol|500mg|tablet","13098e3f-6e06-4f9b-895b-472021fe67fb","EXISTING_MATCH","Explicit tablet dosage form."
"183","183","12","Enoxaparin","40 mg/0.4 mL","Injection","","Piece","enoxaparin|40mg04ml|injection","e6f04199-85cb-44a8-94f8-45111ab96ab8","EXISTING_MATCH","Neutral base unit; commercial presentation is not unambiguous from the source."
"184","184","12","Pemetrexed","100 mg","Injection","","Piece","pemetrexed|100mg|injection","6214f05f-d0f8-4835-99d1-673cc948b8ab","EXISTING_MATCH","Neutral base unit; commercial presentation is not unambiguous from the source."
"185","185,186","12","Phenylephrine","10 mg/mL","Injection","","Piece","phenylephrine|10mgml|injection","f0936af5-9fae-4310-a960-b87c34e7080e","EXISTING_MATCH","Neutral base unit; commercial presentation is not unambiguous from the source."
"187","187","12","Piroxicam","0.50 %","Gel","","Piece","piroxicam|050|gel","c7e47abc-4b9e-4aea-87b0-8730168952f3","EXISTING_MATCH","Neutral base unit; commercial presentation is not unambiguous from the source."
"188","188","12","Cefepime","1 g","Injection","","Piece","cefepime|1g|injection","4985d456-2f91-49f5-90df-d10d6e736095","EXISTING_MATCH","Neutral base unit; commercial presentation is not unambiguous from the source."
"190","190","13","Pneumococcal Polysaccharide Conjugate Vaccine (adsorbed) 10 Valent","5 doses/vial","Injection","","Piece","pneumococcalpolysaccharideconjugatevaccineadsorbed10valent|5dosesvial|injection","a2309a39-3f95-4d8f-a6c4-9e52a2885c06","EXISTING_MATCH","Neutral base unit; commercial presentation is not unambiguous from the source."
"193","193","13","Pramipexole","0.25 mg","Tablet","","Tablet","pramipexole|025mg|tablet","1fe4a9bd-7d46-4c56-b5e3-a5c4c89e7030","EXISTING_MATCH","Explicit tablet dosage form."
"194","194,195,196","13","Human Normal Immunoglobulin Solution For Infusion 100g/1000ml","100 g/1000 mL","Infusion","","Piece","humannormalimmunoglobulinsolutionforinfusion100g1000ml|100g1000ml|infusion","dbc96445-cf3b-4ee7-9845-1d5fd27475d4","EXISTING_MATCH","Neutral base unit; commercial presentation is not unambiguous from the source."
"197","197","14","Human Normal Immunoglobulin","100 g/1000 mL","Infusion","","Piece","humannormalimmunoglobulin|100g1000ml|infusion","72855b1a-b9ab-4a50-ad70-80ba969b95fb","EXISTING_MATCH","Neutral base unit; commercial presentation is not unambiguous from the source."
"198","198,199","14","Promethazine","5 mg/5 mL","Oral Solution","","Piece","promethazine|5mg5ml|oralsolution","92b44507-0a1f-46fb-a480-2329a2e90849","EXISTING_MATCH","Neutral base unit; commercial presentation is not unambiguous from the source."
"200","200,201","14","Promethazine","25 mg/mL","Injection","","Piece","promethazine|25mgml|injection","c41daf91-8ee8-4813-961a-af47b7ca4b49","EXISTING_MATCH","Neutral base unit; commercial presentation is not unambiguous from the source."
"202","202","14","Glucose","10 %","Infusion","","Piece","glucose|10|infusion","57e609bf-5eea-40c4-a701-44cc7298c165","EXISTING_MATCH","Neutral base unit; commercial presentation is not unambiguous from the source."
"203","203","14","Ranitidine","25 mg/mL","Injection","","Piece","ranitidine|25mgml|injection","3fc3f9e2-56a2-471d-9051-d1b44ab72a37","EXISTING_MATCH","Neutral base unit; commercial presentation is not unambiguous from the source."
"204","204","14","Diazepam","5 mg/mL","Injection","","Piece","diazepam|5mgml|injection","95ab930b-dd2a-4dfa-b0ba-a4c147c1397c","EXISTING_MATCH","Neutral base unit; commercial presentation is not unambiguous from the source."
"205","205,206","14","Infliximab","120 mg","Injection","","Piece","infliximab|120mg|injection","c478a1c0-8310-4a99-86f4-51c0d579c2d0","EXISTING_MATCH","Neutral base unit; commercial presentation is not unambiguous from the source."
"207","207,210,225","14","Risperidone","2 mg","Tablet","","Tablet","risperidone|2mg|tablet","fddba34a-cee4-4bab-a0a8-49aaf1f1a137","EXISTING_MATCH","Explicit tablet dosage form."
"208","208","14","Risperidone","1 mg","Tablet","","Tablet","risperidone|1mg|tablet","2fc80795-653f-42a5-917c-51aa4b3581bd","EXISTING_MATCH","Explicit tablet dosage form."
"209","209","14","Deferiprone","500 mg","Tablet","","Tablet","deferiprone|500mg|tablet","0cb17863-c44a-4098-b907-e1a928a33598","EXISTING_MATCH","Explicit tablet dosage form."
"211","211","14","Rizatriptan","5 mg","Tablet","","Tablet","rizatriptan|5mg|tablet","c69e6cd1-fb5d-4c14-870f-aaa1b2cc56c2","EXISTING_MATCH","Explicit tablet dosage form."
"212","212","14","Meropenem","500 mg","Injection","","Piece","meropenem|500mg|injection","ba4a55fc-cecc-4c30-88b8-927f120a8c5e","EXISTING_MATCH","Neutral base unit; commercial presentation is not unambiguous from the source."
"213","213","15","Rosuvastatin","10 mg","Tablet","","Tablet","rosuvastatin|10mg|tablet","d627285c-c46f-49e9-b72e-a69142ceab74","EXISTING_MATCH","Explicit tablet dosage form."
"214","214","15","Rosuvastatin","5 mg","Tablet","","Tablet","rosuvastatin|5mg|tablet","9fd45df5-7b8d-4020-8c1b-ab77ae545f73","EXISTING_MATCH","Explicit tablet dosage form."
"215","215","15","Sodium Chloride","0.90 %","Infusion","","Piece","sodiumchloride|090|infusion","7103edf8-adba-4a81-87cd-360891982245","EXISTING_MATCH","Neutral base unit; commercial presentation is not unambiguous from the source."
"216","216","15","Rupatadine","10 mg","Tablet","","Tablet","rupatadine|10mg|tablet","14beff28-1203-45bf-b5ee-415ba7876da2","EXISTING_MATCH","Explicit tablet dosage form."
"217","217","15","Coagulation Factor Viii (recombinant)","500 IU","Injection","","Piece","coagulationfactorviiirecombinant|500iu|injection","d5b92813-7c85-411c-b13a-c79ad42387d6","EXISTING_MATCH","Neutral base unit; commercial presentation is not unambiguous from the source."
"218","218","15","Coagulation Factor Viii (recombinant)","250 IU","Injection","","Piece","coagulationfactorviiirecombinant|250iu|injection","802552c9-d6e3-4db8-aee6-bec7cb386709","EXISTING_MATCH","Neutral base unit; commercial presentation is not unambiguous from the source."
"219","219","15","Somatropin","5.83 mg/mL","Injection","","Piece","somatropin|583mgml|injection","b261a57f-192c-4d7e-86ef-f274b89df97b","EXISTING_MATCH","Neutral base unit; commercial presentation is not unambiguous from the source."
"220","220,221,222,223","15","Salbutamol","BP 2 mg/5 mL","Oral Solution","","Piece","salbutamol|bp2mg5ml|oralsolution","c0b82a77-cfd3-49a1-88aa-f7e31fd4058c","EXISTING_MATCH","Neutral base unit; commercial presentation is not unambiguous from the source."
"224","224","15","Salbutamol","200 mcg/dose","Pressurized Inhalation","","Inhaler","salbutamol|200mcgdose|pressurizedinhalation","49186038-33fd-4592-9836-ed328140aa2f","EXISTING_MATCH","Explicit inhaler presentation."
"227","227","15","Cefuroxime","250 mg","Injection","","Piece","cefuroxime|250mg|injection","a71ca75b-8189-47e6-b89e-48d028ff7fe0","EXISTING_MATCH","Neutral base unit; commercial presentation is not unambiguous from the source."
"228","228","15","Sildenafil","20 mg","Tablet","","Tablet","sildenafil|20mg|tablet","436ed645-1698-4581-bc47-3c1d82b7d684","EXISTING_MATCH","Explicit tablet dosage form."
"229","229","16","Sildenafil","50 mg","Tablet","","Tablet","sildenafil|50mg|tablet","82c37360-def8-4b2a-9df8-80ce4f4e40fe","EXISTING_MATCH","Explicit tablet dosage form."
"230","230","16","Basiliximab","20 mg","Injection","","Piece","basiliximab|20mg|injection","e18cdc40-bcd0-4709-b960-91e66df3bd85","EXISTING_MATCH","Neutral base unit; commercial presentation is not unambiguous from the source."
"233","233","16","Isotretinoin","10 mg","Capsule","","Capsule","isotretinoin|10mg|capsule","b41aa45c-c027-433c-87ee-2c8653852b47","EXISTING_MATCH","Explicit capsule dosage form."
"234","234","16","Succinylcholine","50 mg/mL","Injection","","Piece","succinylcholine|50mgml|injection","193e1ce0-55e7-4986-aa2f-e72038da3218","EXISTING_MATCH","Neutral base unit; commercial presentation is not unambiguous from the source."
"235","235,236","16","Tamsulosin","0.4 mg","Capsule","","Capsule","tamsulosin|04mg|capsule","5b75b8ee-3106-41eb-8fd6-d3d974a5ad31","EXISTING_MATCH","Explicit capsule dosage form."
"237","237","16","Cefotaxime","500 mg","Injection","","Piece","cefotaxime|500mg|injection","35b20636-5f37-4e59-b937-940ce2671623","EXISTING_MATCH","Neutral base unit; commercial presentation is not unambiguous from the source."
"238","238","16","Teicoplanin","200 mg","Injection","","Piece","teicoplanin|200mg|injection","fc748e2b-3979-4e6c-857b-dd117f9f4d70","EXISTING_MATCH","Neutral base unit; commercial presentation is not unambiguous from the source."
"239","239","16","Teicoplanin","400 mg","Injection","","Piece","teicoplanin|400mg|injection","9eb6f1d8-cd83-4ab8-9e43-4765ef33294a","EXISTING_MATCH","Neutral base unit; commercial presentation is not unambiguous from the source."
"240","240","16","Terbinafine","1.12 %","Gel","","Piece","terbinafine|112|gel","14d11a23-64cc-4b7d-802e-d553e5ff338f","EXISTING_MATCH","Neutral base unit; commercial presentation is not unambiguous from the source."
"241","241","16","Carbamazepine","200 mg","Tablet (controlled Release)","","Tablet","carbamazepine|200mg|tabletcontrolledrelease","e21202a8-742e-4801-98b2-4ce3db642a10","EXISTING_MATCH","Explicit tablet dosage form."
"242","242","16","Telmisartan","40 mg","Tablet","","Tablet","telmisartan|40mg|tablet","3089359e-f596-4f54-a550-e0b042a976ff","EXISTING_MATCH","Explicit tablet dosage form."
"243","243","16","Tetracycline","250 mg","Capsule","","Capsule","tetracycline|250mg|capsule","61b468d2-dc56-4ce7-9f55-fdb70c4caf2f","EXISTING_MATCH","Explicit capsule dosage form."
"244","244","16","Theophylline Controlled Release Capsules","200 mg","Capsule","","Capsule","theophyllinecontrolledreleasecapsules|200mg|capsule","afa6ab1b-7d60-4447-b354-b060a9ef16e0","EXISTING_MATCH","Explicit capsule dosage form."
"245","245","17","Azathioprine","50 mg","Tablet","","Tablet","azathioprine|50mg|tablet","3deb8d52-b7ec-4ed7-ad7f-a0f8829ff972","EXISTING_MATCH","Explicit tablet dosage form."
"246","246","17","Levothyroxine","50 mcg","Tablet","","Tablet","levothyroxine|50mcg|tablet","5958e96a-b367-4729-8898-206b7aa3cc3a","EXISTING_MATCH","Explicit tablet dosage form."
"247","247","17","Thyroxin","25 mcg","Tablet","","Tablet","thyroxin|25mcg|tablet","ee54b24e-14aa-4dee-947a-714d73d84b80","EXISTING_MATCH","Explicit tablet dosage form."
"248","248","17","Ticagrelor","90 mg","Tablet","","Tablet","ticagrelor|90mg|tablet","94f3a222-48fa-44b5-a152-2f0cd5f049d6","EXISTING_MATCH","Explicit tablet dosage form."
"249","249","17","Topiramate","25 mg","Tablet","","Tablet","topiramate|25mg|tablet","0263373c-5da2-4d0d-a211-5bd67f280aa1","EXISTING_MATCH","Explicit tablet dosage form."
"250","250","17","Topiramate","50 mg","Tablet","","Tablet","topiramate|50mg|tablet","746f8cfb-73d4-4118-bf77-9b1698ca0710","EXISTING_MATCH","Explicit tablet dosage form."
"251","251","17","Ketorolac","30 mg/mL","Injection","","Piece","ketorolac|30mgml|injection","f0844cb6-28b3-45d1-990c-e318a6768b99","EXISTING_MATCH","Neutral base unit; commercial presentation is not unambiguous from the source."
"252","252","17","Torasemide","10 mg","Tablet","","Tablet","torasemide|10mg|tablet","075c26ca-9874-46e2-9d08-b31544cf3e63","EXISTING_MATCH","Explicit tablet dosage form."
"253","253","17","Terlipressin","1 mg/10 mL","Injection","","Piece","terlipressin|1mg10ml|injection","4de805b1-c2e2-439b-962e-037f8dc29cc8","EXISTING_MATCH","Neutral base unit; commercial presentation is not unambiguous from the source."
"254","254","17","Ceftriaxone","1000 mg","Injection","","Piece","ceftriaxone|1000mg|injection","3074e792-5b8f-4230-858b-f4f627a715c0","EXISTING_MATCH","Neutral base unit; commercial presentation is not unambiguous from the source."
"255","255","17","Ciprofloxacin","500 mg","Tablet","","Tablet","ciprofloxacin|500mg|tablet","12140531-96eb-4257-ae49-69f634f68414","EXISTING_MATCH","Explicit tablet dosage form."
"256","256","17","Flucloxacillin","500 mg","Injection","","Piece","flucloxacillin|500mg|injection","8e2c6871-f7a0-4911-adbf-2ce673b16ac2","EXISTING_MATCH","Neutral base unit; commercial presentation is not unambiguous from the source."
"257","257","17","Progesterone","8 %","Vaginal Gel","","Piece","progesterone|8|vaginalgel","4cc95b8e-7837-4cdd-93ff-2963c44cea75","EXISTING_MATCH","Neutral base unit; commercial presentation is not unambiguous from the source."
"258","258","17","Clotrimazole","100 mg","Pessary","","Piece","clotrimazole|100mg|pessary","be13fcf9-eefb-4071-8b29-da5514718269","EXISTING_MATCH","Neutral base unit; commercial presentation is not unambiguous from the source."
"259","259","17","Vancomycin","1000 mg","Injection","","Piece","vancomycin|1000mg|injection","55b70b0f-5265-4d6d-973b-ad3d1947ce39","EXISTING_MATCH","Neutral base unit; commercial presentation is not unambiguous from the source."
"260","260","17","Varicella Virus Vaccine, Live, Attenuated (oka- Strain)","2000 PFU","Injection","","Piece","varicellavirusvaccineliveattenuatedokastrain|2000pfu|injection","af68f835-7a40-4327-b60d-47b568f37c36","EXISTING_MATCH","Neutral base unit; commercial presentation is not unambiguous from the source."
"261","261","17","Vasopressin","20 IU/mL","Injection","","Piece","vasopressin|20iuml|injection","1c2b3345-c5ba-4a18-b1de-e3e9f41a4856","EXISTING_MATCH","Neutral base unit; commercial presentation is not unambiguous from the source."
"262","262","18","Trimetazidine","35 mg","Tablet (modified Release)","","Tablet","trimetazidine|35mg|tabletmodifiedrelease","a4c045e2-85e0-45dc-8a97-29e34d7596fc","EXISTING_MATCH","Explicit tablet dosage form."
"263","263","18","Clobazam","5 mg","Tablet","","Tablet","clobazam|5mg|tablet","0f6ee041-0e55-437a-8a17-092ce7edc870","EXISTING_MATCH","Explicit tablet dosage form."
"264","264","18","Betahistine","24 mg","Tablet","","Tablet","betahistine|24mg|tablet","8ddc66c4-81a0-4139-ad68-dc9cf5cba7c8","EXISTING_MATCH","Explicit tablet dosage form."
"266","266","18","Vildagliptin","50 mg","Tablet","","Tablet","vildagliptin|50mg|tablet","a4700fd4-2d39-4aa7-bf6a-530492be11bc","EXISTING_MATCH","Explicit tablet dosage form."
"267","267","18","Erythropoietin","4000 IU/mL","Injection","","Piece","erythropoietin|4000iuml|injection","d03a7a8d-2fea-469c-baa3-23701f8c1eaf","EXISTING_MATCH","Neutral base unit; commercial presentation is not unambiguous from the source."
"268","268","18","Mebendazole Tablets 500 Mg","500 mg","Tablet","","Tablet","mebendazoletablets500mg|500mg|tablet","bcd03f7d-cc6a-4da2-b93c-8fb99d93e0db","EXISTING_MATCH","Explicit tablet dosage form."
"269","269,270","18","Insulin Biphasic Isophane","100 IU/mL","Injection (recombinant Dna Origin)","","Piece","insulinbiphasicisophane|100iuml|injectionrecombinantdnaorigin","9987d278-27a0-406a-bbdc-e7f82bbe94dc","EXISTING_MATCH","Neutral base unit; commercial presentation is not unambiguous from the source."
"271","271,300","18","Bisoprolol Fumarate","5 mg","Tablet","","Tablet","bisoprololfumarate|5mg|tablet","921c1696-5b76-473d-9933-f463d76c790a","EXISTING_MATCH","Explicit tablet dosage form."
"272","272","18","Calcium + Cholecalciferol","1250 mg + 400 IU","Tablet (chewable)","","Tablet","calciumcholecalciferol|1250mg400iu|tabletchewable","400540d9-21ad-44dd-9d6d-cde415e3bc6e","EXISTING_MATCH","Explicit tablet dosage form."
"274","274","18","Zoledronic Acid","4 mg","Injection","","Piece","zoledronicacid|4mg|injection","1b4af66c-b5b0-447e-9afc-d44fff1df29b","EXISTING_MATCH","Neutral base unit; commercial presentation is not unambiguous from the source."
"275","275","18","Bisacodyl","10 mg","Suppository","","Suppository","bisacodyl|10mg|suppository","1004f72c-0ee1-42d7-85a1-1090fb8b8377","EXISTING_MATCH","Explicit suppository dosage form."
"276","276","19","Abacavir","300 mg","Tablet","","Tablet","abacavir|300mg|tablet","bb2e754f-aa09-4e6b-bcf9-3dba0dcd07fd","EXISTING_MATCH","Explicit tablet dosage form."
"277","277","19","Abiraterone Acetate","250 mg","Tablet","","Tablet","abirateroneacetate|250mg|tablet","dd4a147b-e438-4b5a-a038-f9ea55efa05b","EXISTING_MATCH","Explicit tablet dosage form."
"278","278","19","Aciclovir Sodium","250 mg","Infusion","","Piece","aciclovirsodium|250mg|infusion","61e23f5c-81e1-42a1-bb15-2cbecfa5ac0c","EXISTING_MATCH","Neutral base unit; commercial presentation is not unambiguous from the source."
"280","280","19","Alfacalcidol","0.25 mcg","Capsule","","Capsule","alfacalcidol|025mcg|capsule","bdf1518f-cedd-4db7-8972-710f066988b9","EXISTING_MATCH","Explicit capsule dosage form."
"281","281","19","Amisulpride","100 mg","Tablet","","Tablet","amisulpride|100mg|tablet","2ed1aac3-a9c9-4856-a8f1-32ef76c08db7","EXISTING_MATCH","Explicit tablet dosage form."
"282","282","19","Amlodipine Besylate","5 mg","Tablet","","Tablet","amlodipinebesylate|5mg|tablet","95097815-a6b5-4d24-96d0-f04dedf40da9","EXISTING_MATCH","Explicit tablet dosage form."
"283","283","19","Amoxicillin & Clavulanate Pottasium","156.25 mg/5 mL","Oral Suspension","","Piece","amoxicillinclavulanatepottasium|15625mg5ml|oralsuspension","907d55e4-8a15-4615-ba2e-f2d89f522727","EXISTING_MATCH","Neutral base unit; commercial presentation is not unambiguous from the source."
"284","284","19","Amoxicillin & Clavulanate Pottasium","1000 mg","Tablet","","Tablet","amoxicillinclavulanatepottasium|1000mg|tablet","e82fd365-95a9-4370-b6b0-af4705848038","EXISTING_MATCH","Explicit tablet dosage form."
"285","285,286","19","Apixaban","2.5 mg","Tablet","","Tablet","apixaban|25mg|tablet","61c3cf25-8fc2-4da8-b599-8a32f9546ae5","EXISTING_MATCH","Explicit tablet dosage form."
"288","288","19","Ascorbic Acid","500 mg","Chewable Tablets","","Piece","ascorbicacid|500mg|chewabletablets","c2b36265-6bbb-4d6a-a533-980e8e087e38","EXISTING_MATCH","Neutral base unit; commercial presentation is not unambiguous from the source."
"289","289","19","Atenolol","5O mg","Tablet","","Tablet","atenolol|5omg|tablet","0af758af-0806-473e-a4f9-173f077e078c","EXISTING_MATCH","Explicit tablet dosage form."
"290","290","19","Atomoxetine","18 mg","Capsule","","Capsule","atomoxetine|18mg|capsule","1e326794-c5e9-4c6a-8deb-2cbfc2d5cd1a","EXISTING_MATCH","Explicit capsule dosage form."
"293","293","20","Beclometasone","50 mcg","Aqueous Nasal Spray","","Piece","beclometasone|50mcg|aqueousnasalspray","83b68fc0-337c-4b2f-a001-83354a80fe82","EXISTING_MATCH","Neutral base unit; commercial presentation is not unambiguous from the source."
"294","294","20","Betahistine Dihydrochloride","16 mg","Tablet","","Tablet","betahistinedihydrochloride|16mg|tablet","210fad7a-cf1d-4b0e-9a92-4e8963c71395","EXISTING_MATCH","Explicit tablet dosage form."
"295","295","20","Betahistine Dihydrochloride","8 mg","Tablet","","Tablet","betahistinedihydrochloride|8mg|tablet","64e73345-3150-4302-8934-a02e170d08ca","EXISTING_MATCH","Explicit tablet dosage form."
"297","297","20","Bevacizumab Concentrated Solution","100 mg/4 mL","Infusion","","Piece","bevacizumabconcentratedsolution|100mg4ml|infusion","db24f0b9-cbce-4c54-b942-772f00cfff8e","EXISTING_MATCH","Neutral base unit; commercial presentation is not unambiguous from the source."
"298","298","20","Bevacizumab Concentrated Solution","400 mg/16 mL","Infusion","","Piece","bevacizumabconcentratedsolution|400mg16ml|infusion","a9938165-1973-4e02-aa12-bca1a86eb245","EXISTING_MATCH","Neutral base unit; commercial presentation is not unambiguous from the source."
"299","299","20","Bisacodyl Delayed Release","5 mg","Tablet","","Tablet","bisacodyldelayedrelease|5mg|tablet","a197af65-687d-4b61-bba2-e445243c27ce","EXISTING_MATCH","Explicit tablet dosage form."
"301","301,302","20","Bivalent Poliomyelitis","Type 1 & 3 Live (Oral)","Vaccine","","Piece","bivalentpoliomyelitis|type13liveoral|vaccine","1b722aba-b423-43de-9dd7-30bd8519b654","EXISTING_MATCH","Neutral base unit; commercial presentation is not unambiguous from the source."
"303","303","21","Brimonidine Tartrate + Timolol","2 mg/mL + 5 mg/mL","Eye Drops","","Drops","brimonidinetartratetimolol|2mgml5mgml|eyedrops","fc4054bf-9607-4dc6-badb-acdd7ea47973","EXISTING_MATCH","Explicit drops dosage form."
"305","305","21","Cabergoline","0.5 mg","Tablet","","Tablet","cabergoline|05mg|tablet","82268f63-64da-47a6-a7f1-20010ad71ed8","EXISTING_MATCH","Explicit tablet dosage form."
"306","306,307","21","Calcipotriol","0.005%W/W","Ointment","","Piece","calcipotriol|0005ww|ointment","e485b447-bb2c-4e8d-93d7-953003d49794","EXISTING_MATCH","Neutral base unit; commercial presentation is not unambiguous from the source."
"310","310","21","Calcium Folinate","50 mg","Injection","","Piece","calciumfolinate|50mg|injection","bd324ff2-8db6-4aca-831d-8ddc02b84d4d","EXISTING_MATCH","Neutral base unit; commercial presentation is not unambiguous from the source."
"311","311","21","Candesartan","16 mg","Tablet","","Tablet","candesartan|16mg|tablet","beef50ad-7574-4c06-8377-ce91273d5ca7","EXISTING_MATCH","Explicit tablet dosage form."
"312","312","21","Carbimazole","10 mg","Tablet","","Tablet","carbimazole|10mg|tablet","89cff7fd-de9c-409f-87ce-bf75407177e3","EXISTING_MATCH","Explicit tablet dosage form."
"314","314","22","Carvedilol","12.5 mg","Tablet","","Tablet","carvedilol|125mg|tablet","2f347a00-be84-4b36-8199-f33286dc287b","EXISTING_MATCH","Explicit tablet dosage form."
"315","315","22","Carvedilol","3.125 mg","Tablet","","Tablet","carvedilol|3125mg|tablet","e866c177-2894-43da-a376-8b2c30fa8181","EXISTING_MATCH","Explicit tablet dosage form."
"316","316","22","Cefepime","1000 mg","Injection","","Piece","cefepime|1000mg|injection","f8a1aaaa-ea63-4c8c-887e-05dc6523e10a","EXISTING_MATCH","Neutral base unit; commercial presentation is not unambiguous from the source."
"318","318","22","Ceftazidime","1000 mg","Injection","","Piece","ceftazidime|1000mg|injection","f2e18921-2a4e-4780-a7d1-b05e36070a68","EXISTING_MATCH","Neutral base unit; commercial presentation is not unambiguous from the source."
"319","319","22","Ceftriaxone","500 mg","Injection","","Piece","ceftriaxone|500mg|injection","8295c9bd-7ccb-404a-89e3-28870433c4b0","EXISTING_MATCH","Neutral base unit; commercial presentation is not unambiguous from the source."
"320","320","22","Cefuroxime Axetil","125 mg","Tablet","","Tablet","cefuroximeaxetil|125mg|tablet","0d7024ee-5637-4fbf-bce5-b818bee41566","EXISTING_MATCH","Explicit tablet dosage form."
"321","321","22","Cefuroxime Axetil","250 mg","Tablet","","Tablet","cefuroximeaxetil|250mg|tablet","6238a4a3-4e11-4ff9-b3eb-e4ce055581c2","EXISTING_MATCH","Explicit tablet dosage form."
"322","322","22","Celecoxib","100 mg","Capsule","","Capsule","celecoxib|100mg|capsule","c0b089ee-9d5c-43f6-a174-855f6888e1b4","EXISTING_MATCH","Explicit capsule dosage form."
"323","323","22","Cephalexin","500 mg","Capsule","","Capsule","cephalexin|500mg|capsule","bee13be6-370a-4b88-b2f5-b118aa949421","EXISTING_MATCH","Explicit capsule dosage form."
"324","324","22","Cephalexin","125 mg/5 mL","Oral Suspension","","Piece","cephalexin|125mg5ml|oralsuspension","41437ac8-d963-47a9-9af7-20b2d45dd6c4","EXISTING_MATCH","Neutral base unit; commercial presentation is not unambiguous from the source."
"325","325","22","Ascorbic Acid","500 mg","Chewable Tablet","","Piece","ascorbicacid|500mg|chewabletablet","b7f75207-cafb-4bca-8f2a-7e14e6dc8056","EXISTING_MATCH","Neutral base unit; commercial presentation is not unambiguous from the source."
"326","326,327,328","22","Chlorpheniramine Maleate","2 mg/5 mL","Oral Solution","","Piece","chlorpheniraminemaleate|2mg5ml|oralsolution","72177e2e-6bb7-4f85-93ee-f5011834e40b","EXISTING_MATCH","Neutral base unit; commercial presentation is not unambiguous from the source."
"329","329","22","Chlorpheniramine Maleate","4 mg","Tablet","","Tablet","chlorpheniraminemaleate|4mg|tablet","a3841974-2df8-401e-baf0-b57e87d6e237","EXISTING_MATCH","Explicit tablet dosage form."
"330","330","23","Cholecalciferol","1000 IU","Tablet","","Tablet","cholecalciferol|1000iu|tablet","30d0c3d6-6d17-4029-95f5-57eb88cfa64f","EXISTING_MATCH","Explicit tablet dosage form."
"331","331","23","Ciprofloxacin","0.30 %","Eye/ear Drop","","Drops","ciprofloxacin|030|eyeeardrop","6bd43437-7f7a-4b44-9ee2-7c894ee78b3e","EXISTING_MATCH","Explicit drops dosage form."
"333","333","23","Clarithromycin","500 mg","Tablet","","Tablet","clarithromycin|500mg|tablet","56156ed3-22c6-41ef-a1f1-a12e86872b1a","EXISTING_MATCH","Explicit tablet dosage form."
"334","334","23","Clindamycin Hydrochloride","300 mg","Capsule","","Capsule","clindamycinhydrochloride|300mg|capsule","5f450610-7ecf-4571-b2e9-59ad9cfc10db","EXISTING_MATCH","Explicit capsule dosage form."
"335","335","23","Clonazepam","2 mg","Tablet","","Tablet","clonazepam|2mg|tablet","1b429cc9-f8c1-4001-a99d-36dae9ec98b5","EXISTING_MATCH","Explicit tablet dosage form."
"336","336","23","Clonazepam","0.5 mg","Tablet","","Tablet","clonazepam|05mg|tablet","ad9a0d67-2845-48d5-99aa-ad7023d778ad","EXISTING_MATCH","Explicit tablet dosage form."
"337","337","23","Clotrimazole","100 mg","Vaginal Tablet","","Piece","clotrimazole|100mg|vaginaltablet","66de82c7-0eb8-47fd-a155-b20c6759fac4","EXISTING_MATCH","Neutral base unit; commercial presentation is not unambiguous from the source."
"338","338","23","Co-amoxiclav","1.2 g","Injection","","Piece","coamoxiclav|12g|injection","0efbc4c0-1336-45c8-8fe1-b4aa682e24c2","EXISTING_MATCH","Neutral base unit; commercial presentation is not unambiguous from the source."
"341","341","23","Cyclosporine","25 mg","Capsule","","Capsule","cyclosporine|25mg|capsule","16cca97c-f705-4adc-9f51-efb68ff63c0f","EXISTING_MATCH","Explicit capsule dosage form."
"342","342,343","23","Dapagliflozin","10 mg","Tablet","","Tablet","dapagliflozin|10mg|tablet","72cd6b64-5937-4409-b6d2-dd2e71ed3a7a","EXISTING_MATCH","Explicit tablet dosage form."
"344","344,345","24","Dapagliflozin","5 mg","Tablet","","Tablet","dapagliflozin|5mg|tablet","2f1dfae9-d037-4f93-95cd-9bf79ed480aa","EXISTING_MATCH","Explicit tablet dosage form."
"346","346","24","Darbepoetin Alfa","60 mcg/0.30 mL","Injection","","Piece","darbepoetinalfa|60mcg030ml|injection","09e6d800-b589-42e3-8e40-211103c91b71","EXISTING_MATCH","Neutral base unit; commercial presentation is not unambiguous from the source."
"347","347","24","Dexamethasone Sodium Phosphate","8 mg/2 mL","Injection","","Piece","dexamethasonesodiumphosphate|8mg2ml|injection","389dc175-68fd-45fe-a982-def070129645","EXISTING_MATCH","Neutral base unit; commercial presentation is not unambiguous from the source."
"348","348","24","Dienogest","2 mg","Tablet","","Tablet","dienogest|2mg|tablet","faa8741c-4f6a-4f77-8827-d157236b10d7","EXISTING_MATCH","Explicit tablet dosage form."
"349","349","24","Digoxin","250 mcg/mL","Injection","","Piece","digoxin|250mcgml|injection","1a14d136-0a8c-4879-940f-36c6761ac734","EXISTING_MATCH","Neutral base unit; commercial presentation is not unambiguous from the source."
"350","350","24","Dipyridamole","100 mg","Tablet","","Tablet","dipyridamole|100mg|tablet","a993a518-1d90-4b64-93b6-b0b1120bbebb","EXISTING_MATCH","Explicit tablet dosage form."
