source_row,source_page,generic_name_raw,dosage_form_raw,strength_raw,source_mrp_raw,extraction_method,raw_columns
1,1,Aspirin,Tablet (Delayed release),75 mg,5.85/Tablet (Blister) 4.50/Tablet (Bulk),pdfplumber_table,"[""1"", ""Aspirin"", ""Tablet (Delayed release)"", ""75 mg"", ""A PRIN 75"", ""Ace Healthcare, Sri Lanka"", ""Ace Healthcare, Sri Lanka"", """", """", ""5.85/Tablet (Blister) 4.50/Tablet (Bulk)""]"
2,1,Paclitaxel(Protein bound particles),Suspension for injection,100mg/Vial,"26,332.29 /Vial",pdfplumber_table,"[""2"", ""Paclitaxel(Protein bound particles)"", ""Suspension for injection"", ""100mg/Vial"", ""AB-PACLI 100"", ""Beta Drugs Ltd., India"", ""Adora Ceylon Pvt,ltd"", """", """", ""26,332.29 /Vial""]"
3,1,Acetylcysteine,Infusion,200 mg/mL,228.28/ 5 mL,pdfplumber_table,"[""3"", ""Acetylcysteine"", ""Infusion"", ""200 mg/mL"", ""Acetylcysteine"", ""Mercury Laboratories, India"", ""Yaden International"", """", """", ""228.28/ 5 mL""]"
4,1,Acetylcysteine,Infusion,200 mg/mL,451.61/ 10 mL,pdfplumber_table,"[""4"", ""Acetylcysteine"", ""Infusion"", ""200 mg/mL"", ""Acetylcysteine"", ""Mercury Laboratories, India"", ""Yaden International"", """", """", ""451.61/ 10 mL""]"
5,1,Azithromycin,Tablet,500 mg,90.00/ Tablet (Blister) 81.58/ Tablet (Bulk),pdfplumber_table,"[""5"", ""Azithromycin"", ""Tablet"", ""500 mg"", ""ACTISAN 500"", ""Sands active, Sri Lanka"", ""Sands active, Sri Lanka"", """", """", ""90.00/ Tablet (Blister) 81.58/ Tablet (Bulk)""]"
6,1,Adalimumab,Injection,40 mg,"40,716.00/ 0.8mL Pre- filled syringe",pdfplumber_table,"[""6"", ""Adalimumab"", ""Injection"", ""40 mg"", ""ADALIRED"", ""Reliance Life Sciences, India."", ""ABC Pharma Services"", """", """", ""40,716.00/ 0.8mL Pre- filled syringe""]"
7,1,Adapalene,Cream,2%,787.09/ 15 g,pdfplumber_table,"[""7"", ""Adapalene"", ""Cream"", ""2%"", ""ADAPCO"", ""Atco Laboratories, Pakistan"", ""Morison Ltd."", """", """", ""787.09/ 15 g""]"
8,1,Apixaban,Tablet,5 mg,40.70/ Tablet,pdfplumber_table,"[""8"", ""Apixaban"", ""Tablet"", ""5 mg"", ""ADVAXABAN"", ""Martin Dow Pakistan"", ""Emerchemie NB"", """", """", ""40.70/ Tablet""]"
9,1,Amiodarone,Tablet,100 mg,38.73/ Tablet,pdfplumber_table,"[""9"", ""Amiodarone"", ""Tablet"", ""100 mg"", ""AMIDOR 100"", ""Celogen, Sri Lanka"", ""Celogen, Sri Lanka"", """", """", ""38.73/ Tablet""]"
10,1,Amikacin,Injection,250mg/mL,325.00/ 1mL,pdfplumber_table,"[""10"", ""Amikacin"", ""Injection"", ""250mg/mL"", ""Amikacin"", ""Mercury Laboratories, India"", ""Yaden International"", """", """", ""325.00/ 1mL""]"
11,1,Amikacin,Injection,250mg/mL,382.50/ 2mL,pdfplumber_table,"[""11"", ""Amikacin"", ""Injection"", ""250mg/mL"", ""Amikacin"", ""Mercury Laboratories, India"", ""Yaden International"", """", """", ""382.50/ 2mL""]"
12,1,Amikacin,Injection,250 mg/ 1 mL,373.33/ 1mL,pdfplumber_table,"[""12"", ""Amikacin"", ""Injection"", ""250 mg/ 1 mL"", ""AMIKAN"", ""Kelun Lifesciences, Sri Lanka"", ""Kelun Lifesciences, Sri Lanka"", """", """", ""373.33/ 1mL""]"
13,1,Amikacin,Injection,250 mg/ 1 mL,425.00/ 2 mL,pdfplumber_table,"[""13"", ""Amikacin"", ""Injection"", ""250 mg/ 1 mL"", ""AMIKAN"", ""Kelun Lifesciences, Sri Lanka"", ""Kelun Lifesciences, Sri Lanka"", """", """", ""425.00/ 2 mL""]"
14,2,Aminophylline,Injection,25 mg/mL,,pdfplumber_page_text_fallback,"[""14"", ""Aminophylline"", ""Injection"", ""25 mg/mL""]"
15,2,AmLodipine,Tablet,5 mg,10.76/ Tablet,pdfplumber_table,"[""15"", ""AmLodipine"", ""Tablet"", ""5 mg"", ""AMLODAC 5"", ""Zydus Life Sciences, India"", ""Sunshine Healthcare"", ""10.76/ Tablet""]"
16,2,Aripiprazole,Tablet,10 mg,44.00/ Tablet,pdfplumber_table,"[""16"", ""Aripiprazole"", ""Tablet"", ""10 mg"", ""ARITERO 10"", ""Hetero Labs, India"", ""Mansel Ceylon"", ""44.00/ Tablet""]"
17,2,Aripiprazole,Tablet,15 mg,62.13/ Tablet,pdfplumber_table,"[""17"", ""Aripiprazole"", ""Tablet"", ""15 mg"", ""ARITERO 15"", ""Hetero Labs, India"", ""Mansel Ceylon"", ""62.13/ Tablet""]"
18,2,Aripiprazole,Tablet,5 mg,20.72/ Tablet,pdfplumber_table,"[""18"", ""Aripiprazole"", ""Tablet"", ""5 mg"", ""ARITERO 5"", ""Hetero Labs, India"", ""Mansel Ceylon"", ""20.72/ Tablet""]"
19,2,Atorvastatin,Tablet,10 mg,5.00/ Tablet (Blister) 4.50/ Tablet (Bulk),pdfplumber_table,"[""19"", ""Atorvastatin"", ""Tablet"", ""10 mg"", ""Atorvastatin"", ""SPMC, Sri Lanka"", ""SPMC, Sri Lanka"", ""5.00/ Tablet (Blister) 4.50/ Tablet (Bulk)""]"
20,2,Escitalopram,Tablet,5 mg,23.50/ Tablet,pdfplumber_table,"[""20"", ""Escitalopram"", ""Tablet"", ""5 mg"", ""AVESTALO"", ""Getz, Pakistan"", ""Hemas Pharmaceuticals"", ""23.50/ Tablet""]"
21,2,Metronidazole,Tablet,400 mg,13.83/ Tablet,pdfplumber_table,"[""21"", ""Metronidazole"", ""Tablet"", ""400 mg"", ""AXCEL"", ""Kotra Pharma, Malaysia"", ""Sunshine Healthcare"", ""13.83/ Tablet""]"
22,2,Azithromycin,Capsule,250 mg,53.00/ Capsule,pdfplumber_table,"[""22"", ""Azithromycin"", ""Capsule"", ""250 mg"", ""AZIFRED - 250"", ""Fredun, India."", ""George Steuart"", ""53.00/ Capsule""]"
23,2,Azithromycin,Tablet,500 mg,99.50/ Tablet,pdfplumber_table,"[""23"", ""Azithromycin"", ""Tablet"", ""500 mg"", ""AZILIDE"", ""Micro Labs, India"", ""Micro Healthcare"", ""99.50/ Tablet""]"
24,2,Azithromycin,Oral suspension,200 mg / 5 mL,347.58/ Bottle,pdfplumber_table,"[""24"", ""Azithromycin"", ""Oral suspension"", ""200 mg / 5 mL"", ""AZITHROCIN"", ""Beximco, Bangladesh"", ""Emerchemie NB"", ""347.58/ Bottle""]"
25,2,Atorvastatin,Tablet,40 mg,49.17/ Tablet,pdfplumber_table,"[""25"", ""Atorvastatin"", ""Tablet"", ""40 mg"", ""AZTOR 40"", ""Sun Pharmaceutical, India"", ""Hemas Pharmaceuticals"", ""49.17/ Tablet""]"
26,2,Baclofen,Tablet,10 mg,37.85/ Tablet,pdfplumber_table,"[""26"", ""Baclofen"", ""Tablet"", ""10 mg"", ""BACLIN"", ""Genome, Pakistan"", ""Medisurge Healthcare"", ""37.85/ Tablet""]"
27,2,Chlorhexidine Gluconate,Solution,4%,"835.67/ 100 mL,",pdfplumber_table,"[""27"", ""Chlorhexidine Gluconate"", ""Solution"", ""4%"", ""BACTOSCRUB"", ""Raman & Weil, India"", ""Mamro Pvt Ltd"", ""835.67/ 100 mL,""]"
28,2,Chlorhexidine Gluconate,Solution,4%,"2,793.38/ 500 mL,",pdfplumber_table,"[""28"", ""Chlorhexidine Gluconate"", ""Solution"", ""4%"", ""BACTOSCRUB"", ""Raman & Weil, India"", ""Mamro Pvt Ltd"", ""2,793.38/ 500 mL,""]"
29,2,Chlorhexidine Gluconate,Solution,4%,"18,074.19/ 5 L",pdfplumber_table,"[""29"", ""Chlorhexidine Gluconate"", ""Solution"", ""4%"", ""BACTOSCRUB"", ""Raman & Weil, India"", ""Mamro Pvt Ltd"", ""18,074.19/ 5 L""]"
30,2,Cefotaxime,Injection,1 g,456.07/ Vial,pdfplumber_table,"[""30"", ""Cefotaxime"", ""Injection"", ""1 g"", ""BAXIM-1"", ""Nabiquasim, Pakistan."", ""George Steuart"", ""456.07/ Vial""]"
31,3,Abiraterone,Tablet,500 mg,,pdfplumber_page_text_fallback,"[""31"", ""Abiraterone"", ""Tablet"", ""500 mg""]"
32,3,Beclomethasone,Inhalation Capsules,400 mcg,10.92/ Capsule,pdfplumber_table,"[""32"", ""Beclomethasone"", ""Inhalation Capsules"", ""400 mcg"", ""BECLOHALE"", ""Emergen, Sri Lanka"", ""Emergen, Sri Lanka"", ""10.92/ Capsule""]"
33,3,Clobetasol,Cream,0.05%,397.90/ 15g tube,pdfplumber_table,"[""33"", ""Clobetasol"", ""Cream"", ""0.05%"", ""BELTAPRO CREAM"", ""Tabros Pharma, Pakistan"", ""Associated Laboratories"", ""397.90/ 15g tube""]"
34,3,Clobetasol,Cream,0.05%,176.00/ 5g tube,pdfplumber_table,"[""34"", ""Clobetasol"", ""Cream"", ""0.05%"", ""BELTAPRO CREAM"", ""Tabros Pharma, Pakistan"", ""Associated Laboratories"", ""176.00/ 5g tube""]"
35,3,Bendamustine,Injection,100 mg,"24,500.00/ Vial",pdfplumber_table,"[""35"", ""Bendamustine"", ""Injection"", ""100 mg"", ""BENDAWEL"", ""Getwell Pharma, India"", ""Esses Pharmacy"", ""24,500.00/ Vial""]"
36,3,Benzoyl Peroxide,Gel,5.00%,650.00/ 20 g,pdfplumber_table,"[""36"", ""Benzoyl Peroxide"", ""Gel"", ""5.00%"", ""BENOX 5 GEL"", ""East African, India"", ""Mega Pharma"", ""650.00/ 20 g""]"
37,3,Betahistine,Tablet,16 mg,28.90/ Tablet,pdfplumber_table,"[""37"", ""Betahistine"", ""Tablet"", ""16 mg"", ""BETAGEN 16"", ""Newgen, Sri Lanka."", ""Newgen, Sri Lanka."", ""28.90/ Tablet""]"
38,3,Betamethasone,Eye/Ear drops,0.10%,342.00/ 5 mL,pdfplumber_table,"[""38"", ""Betamethasone"", ""Eye/Ear drops"", ""0.10%"", ""BETANIN"", ""Sunway Rohto, India"", ""Yaden International"", ""342.00/ 5 mL""]"
39,3,Betahistine,Tablet,8 mg,10.47/ Tablet,pdfplumber_table,"[""39"", ""Betahistine"", ""Tablet"", ""8 mg"", ""BETASTIN 8"", ""Corona Remedies, India"", ""Sunshine Healthcare"", ""10.47/ Tablet""]"
40,3,Sterile Cardioplagia solution,Infusion,20 mL,868.72./ Vial,pdfplumber_table,"[""40"", ""Sterile Cardioplagia solution"", ""Infusion"", ""20 mL"", ""BIOPLAGIA"", ""United Biotech, India"", ""Klintas (Pvt) Ltd."", ""868.72./ Vial""]"
41,3,Bisoprolol,Tablet,2.5 mg,"27.00/ Tablet (Blister), 23.00 / Tablet (Bulk)",pdfplumber_table,"[""41"", ""Bisoprolol"", ""Tablet"", ""2.5 mg"", ""BISOPRACE 2.5"", ""Ace Healthcare, Sri Lanka"", ""Ace Healthcare, Sri Lanka"", ""27.00/ Tablet (Blister), 23.00 / Tablet (Bulk)""]"
42,3,Budesonide,Nebulizer Suspension,0.5 mg/2 mL,326.40/ Ampoule,pdfplumber_table,"[""42"", ""Budesonide"", ""Nebulizer Suspension"", ""0.5 mg/2 mL"", ""BUDEZ 0.5"", ""Sun Pharmaceutical, India"", ""Hemas Pharmaceuticals"", ""326.40/ Ampoule""]"
43,3,Cholecalciferol,Tablet (chewable),"60,000 IU",131.47/ Tablet,pdfplumber_table,"[""43"", ""Cholecalciferol"", ""Tablet (chewable)"", ""60,000 IU"", ""CAD D 60000"", ""Finecure, India."", ""Bio Life"", ""131.47/ Tablet""]"
44,3,Cholecalciferol,Tablet (chewable),400 IU,25.00/ Tablet,pdfplumber_table,"[""44"", ""Cholecalciferol"", ""Tablet (chewable)"", ""400 IU"", ""CALMIT-400IU"", ""MMC Healthcare, India"", ""Markss HLC"", ""25.00/ Tablet""]"
45,3,Clotrimazole,Cream,1%,203.00/ 15 g,pdfplumber_table,"[""45"", ""Clotrimazole"", ""Cream"", ""1%"", ""CANBEN"", ""Leben, India."", ""Ceyoka (Pvt) Ltd."", ""203.00/ 15 g""]"
46,3,Capecitabine,Tablet,500 mg,395.00/ Tablet,pdfplumber_table,"[""46"", ""Capecitabine"", ""Tablet"", ""500 mg"", ""CAPETERO 500"", ""Hetero Labs, India"", ""Mansel Ceylon"", ""395.00/ Tablet""]"
47,4,Carbamazepine,Tablet,100 mg,,pdfplumber_page_text_fallback,"[""47"", ""Carbamazepine"", ""Tablet"", ""100 mg""]"
48,4,Carbimazole,Tablet,5 mg,11.25/ Tablet,pdfplumber_table,"[""48"", ""Carbimazole"", ""Tablet"", ""5 mg"", ""CARBIMOLE 5"", ""Newgen, Sri Lanka."", ""Newgen, Sri Lanka."", ""11.25/ Tablet""]"
49,4,Carvedilol,Tablet,6.25 mg,12.29/ Tablet (Bulk),pdfplumber_table,"[""49"", ""Carvedilol"", ""Tablet"", ""6.25 mg"", ""CARDIACT 6.25"", ""Sands active, Sri Lanka"", ""Sands active, Sri Lanka"", ""12.29/ Tablet (Bulk)""]"
50,4,Aspirin,Tablet,300 mg,4.00/ Tablet (Blister) 3.68 / Tablet (Bulk),pdfplumber_table,"[""50"", ""Aspirin"", ""Tablet"", ""300 mg"", ""CAREPRIN 300"", ""Celogen, Sri Lanka"", ""Celogen, Sri Lanka"", ""4.00/ Tablet (Blister) 3.68 / Tablet (Bulk)""]"
51,4,Cefuroxime,Tablet,125 mg,50.00/ Tablet,pdfplumber_table,"[""51"", ""Cefuroxime"", ""Tablet"", ""125 mg"", ""CEFERO 125"", ""Zim Laboratories, India."", ""Tabrane Pharmaceuticals"", ""50.00/ Tablet""]"
52,4,Metformin,Tablet,1000 mg,"14.50/ Tablet (Blister), 13.34/ Tablet (Bulk)",pdfplumber_table,"[""52"", ""Metformin"", ""Tablet"", ""1000 mg"", ""CELOMET 1000"", ""Celogen, Sri Lanka"", ""Celogen, Sri Lanka"", ""14.50/ Tablet (Blister), 13.34/ Tablet (Bulk)""]"
53,4,Diclofenac Sodium,Tablet (gastro- resistant),100 mg,30.00/ Tablet,pdfplumber_table,"[""53"", ""Diclofenac Sodium"", ""Tablet (gastro- resistant)"", ""100 mg"", ""CELONAC 100"", ""Celogen, Sri Lanka"", ""Celogen, Sri Lanka"", ""30.00/ Tablet""]"
54,4,Gemcitabine,Injection,200 mg,"2,918.00/ Vial",pdfplumber_table,"[""54"", ""Gemcitabine"", ""Injection"", ""200 mg"", ""CELZAR"", ""Celon Laboratories,India"", ""Medmart Pharma"", ""2,918.00/ Vial""]"
55,4,Cefixime,Tablet,200 mg,84.81 / Tablet,pdfplumber_table,"[""55"", ""Cefixime"", ""Tablet"", ""200 mg"", ""CFIXM-200"", ""Sands active, Sri Lanka"", ""Sands active, Sri Lanka"", ""84.81 / Tablet""]"
56,4,Cisatracurium Besylate,Injection,10mg/5mL,"2,610.38 / Vial",pdfplumber_table,"[""56"", ""Cisatracurium Besylate"", ""Injection"", ""10mg/5mL"", ""CISATRA"", ""Themis Medicare Limited, India."", ""Sunshine Healthcare Lanka Limited"", ""2,610.38 / Vial""]"
57,4,Clindamycin,Capsule,150 mg,48.30/ Capsule,pdfplumber_table,"[""57"", ""Clindamycin"", ""Capsule"", ""150 mg"", ""Clindamycin"", ""Gamma Interpharm, Sri Lanka."", ""Gamma Interpharm, Sri Lanka."", ""48.30/ Capsule""]"
58,4,Clobazam,Tablet,10mg,18.00/ Tablet,pdfplumber_table,"[""58"", ""Clobazam"", ""Tablet"", ""10mg"", ""Clobazam"", ""Celogen, Sri Lanka"", ""Celogen, Sri Lanka"", ""18.00/ Tablet""]"
59,4,Clopidogrel,Tablet,75 mg,14.00/ Tablet,pdfplumber_table,"[""59"", ""Clopidogrel"", ""Tablet"", ""75 mg"", ""CLOPEX"", ""Astron, Sri Lanka"", ""Astron, Sri Lanka"", ""14.00/ Tablet""]"
60,4,Hydrocortisone,Injection,100 mg,250.94/ Vial,pdfplumber_table,"[""60"", ""Hydrocortisone"", ""Injection"", ""100 mg"", ""CORTEC 100"", ""United Biotech, India"", ""Klintas (Pvt) Ltd."", ""250.94/ Vial""]"
61,4,Clobetasol,Ointment,0.05%,374.42/ 15g tube,pdfplumber_table,"[""61"", ""Clobetasol"", ""Ointment"", ""0.05%"", ""COSVATE"", ""Blossom, India"", ""George Steuart"", ""374.42/ 15g tube""]"
62,4,Dabigatran,Capsule,110 mg,165.00/ Capsule,pdfplumber_table,"[""62"", ""Dabigatran"", ""Capsule"", ""110 mg"", ""DABRINEX 110"", ""Hetero Labs, India"", ""Mansel Ceylon"", ""165.00/ Capsule""]"
63,4,Terbinafine,Tablet,250 mg,68.60/ Tablet,pdfplumber_table,"[""63"", ""Terbinafine"", ""Tablet"", ""250 mg"", ""DERBIFIN 250"", ""Bharat Parenterals, India"", ""Baur Life Science"", ""68.60/ Tablet""]"
64,5,Darbepoetin Alfa,Injection,25 mcg/0.42 mL,,pdfplumber_page_text_fallback,"[""64"", ""Darbepoetin Alfa"", ""Injection"", ""25 mcg/0.42 mL""]"
65,5,Cholecalciferol,Capsule,"10,000 IU",190.00/ Capsule (Blister) 174.80/ Capsule (Bulk),pdfplumber_table,"[""65"", ""Cholecalciferol"", ""Capsule"", ""10,000 IU"", ""DEUP 10K"", ""Celogen, Sri Lanka"", ""Celogen, Sri Lanka"", ""190.00/ Capsule (Blister) 174.80/ Capsule (Bulk)""]"
66,5,Dexmedetomidine,Injection,200 mcg/2 mL,"3,853.98/ Ampoule",pdfplumber_table,"[""66"", ""Dexmedetomidine"", ""Injection"", ""200 mcg/2 mL"", ""Dexmedetomidine"", ""Kelun Lifesciences, Sri Lanka"", ""Kelun Lifesciences, Sri Lanka"", ""3,853.98/ Ampoule""]"
67,5,Metformin,Tablet,850 mg,9.57/ Tablet (Blister) 6.98/ Tablet (Bulk),pdfplumber_table,"[""67"", ""Metformin"", ""Tablet"", ""850 mg"", ""DIAMET 850"", ""Sands active, Sri Lanka"", ""Sands active, Sri Lanka"", ""9.57/ Tablet (Blister) 6.98/ Tablet (Bulk)""]"
68,5,Aceclofenac,Tablet (sustained release),200 mg,31.50/ Tablet,pdfplumber_table,"[""68"", ""Aceclofenac"", ""Tablet (sustained release)"", ""200 mg"", ""DOLOWIN SR"", ""Micro Labs, India"", ""Micro Healthcare"", ""31.50/ Tablet""]"
69,5,Dopamine,Injection,200 mg/5 mL,157.36/ Ampoule,pdfplumber_table,"[""69"", ""Dopamine"", ""Injection"", ""200 mg/5 mL"", ""DOPRESS-200"", ""United Biotech, India"", ""Klintas (Pvt) Ltd."", ""157.36/ Ampoule""]"
70,5,Doxycycline,Capsule,100 mg,20.00 / Capsule,pdfplumber_table,"[""70"", ""Doxycycline"", ""Capsule"", ""100 mg"", ""Doxycycline"", ""Dagon Pharmaceuticals, India"", ""Eurochem Biotech"", ""20.00 / Capsule""]"
71,5,Duloxetine,Capsule (delayed release),60 mg,72.00/ Capsule,pdfplumber_table,"[""71"", ""Duloxetine"", ""Capsule (delayed release)"", ""60 mg"", ""DULOX 60"", ""Zim Laboratories, India"", ""Tabrane Pharmaceuticals"", ""72.00/ Capsule""]"
72,5,Ipratropium bromide + Salbutamol,Respirator solution,500 mcg + 2.5 mg/2.5 mL,81.39/ Vial,pdfplumber_table,"[""72"", ""Ipratropium bromide + Salbutamol"", ""Respirator solution"", ""500 mcg + 2.5 mg/2.5 mL"", ""DUOLIN RESPULES"", ""Cipla Ltd., India"", ""Breathe Free"", ""81.39/ Vial""]"
73,5,Cholecalciferol,Capsule,"60,000 IU",150.00/ Capsule,pdfplumber_table,"[""73"", ""Cholecalciferol"", ""Capsule"", ""60,000 IU"", ""DV 60K"", ""Indchemie, India"", ""Pharma Associates"", ""150.00/ Capsule""]"
74,5,Cefixime,Oral suspension,100 mg/5 mL,685.25/ 100 mL bottle,pdfplumber_table,"[""74"", ""Cefixime"", ""Oral suspension"", ""100 mg/5 mL"", ""ECOCEF 100"", ""Indchemie, India"", ""Pharma Associates"", ""685.25/ 100 mL bottle""]"
75,5,Efavirenz,Tablet,200 mg,192.45/ Tablet,pdfplumber_table,"[""75"", ""Efavirenz"", ""Tablet"", ""200 mg"", ""EFIREN-200"", ""Celogen, Sri Lanka"", ""Celogen, Sri Lanka"", ""192.45/ Tablet""]"
76,5,Efavirenz,Tablet,600 mg,560.00/Tablet,pdfplumber_table,"[""76"", ""Efavirenz"", ""Tablet"", ""600 mg"", ""EFIREN-600"", ""Celogen, Sri Lanka"", ""Celogen, Sri Lanka"", ""560.00/Tablet""]"
77,5,Esomeprazole,Tablet,20 mg,15.00/Tablet,pdfplumber_table,"[""77"", ""Esomeprazole"", ""Tablet"", ""20 mg"", ""EMA-20"", ""Globe, Bangladesh"", ""Tabrane Healthcare"", ""15.00/Tablet""]"
78,5,Empagliflozin,Tablet,25 mg,139.38 /Tablet,pdfplumber_table,"[""78"", ""Empagliflozin"", ""Tablet"", ""25 mg"", ""EMPIRE 25"", ""Drug International Limited, Bangladesh"", ""Amsted Intima (Pvt)Ltd"", ""139.38 /Tablet""]"
79,5,Eplerenone,Tablet,25 mg,100.31/ Tablet,pdfplumber_table,"[""79"", ""Eplerenone"", ""Tablet"", ""25 mg"", ""EPNONE 25"", ""MSN Laboratories, India"", ""AxiaPvt Ltd"", ""100.31/ Tablet""]"
80,6,Etomidate,Injection,20 mg/10 mL,,pdfplumber_page_text_fallback,"[""80"", ""Etomidate"", ""Injection"", ""20 mg/10 mL""]"
81,6,Etomidate,Injection,20 mg/10 mL,"2,227.20/ 10 mL",pdfplumber_table,"[""81"", ""Etomidate"", ""Injection"", ""20 mg/10 mL"", ""ETUDAT"", ""Kelun Lifesciences, Sri Lanka"", ""Kelun Lifesciences, Sri Lanka"", ""2,227.20/ 10 mL""]"
82,6,Cefixime,Tablet (dispersible),100 mg,39.09/ Tablet,pdfplumber_table,"[""82"", ""Cefixime"", ""Tablet (dispersible)"", ""100 mg"", ""EXTACEF 100 DT"", ""Blue Cross, India"", ""Sunshine Healthcare"", ""39.09/ Tablet""]"
83,6,Famotidine,Tablet,20 mg,11.38/ Tablet,pdfplumber_table,"[""83"", ""Famotidine"", ""Tablet"", ""20 mg"", ""FAMTIN 20"", ""Celogen, Sri Lanka"", ""Celogen, Sri Lanka"", ""11.38/ Tablet""]"
84,6,Medroxyprogesterone,Injection,150 mg/mL,465.14 / 1 mL,pdfplumber_table,"[""84"", ""Medroxyprogesterone"", ""Injection"", ""150 mg/mL"", ""FAMY-DEPO"", ""Mylan, India"", ""Baur & Co."", ""465.14 / 1 mL""]"
85,6,Fat Emulsion + Amino Acid (17),Infusion,20% + 11%,"14,979.00/ 1440 mL",pdfplumber_table,"[""85"", ""Fat Emulsion + Amino Acid (17)"", ""Infusion"", ""20% + 11%"", ""Fat Emulsion + Amino Acid (17)"", ""Sichuan Kelun, India"", ""Pharma Associates"", ""14,979.00/ 1440 mL""]"
86,6,Cefalexin,Capsule,250 mg,15.10 / Capsule,pdfplumber_table,"[""86"", ""Cefalexin"", ""Capsule"", ""250 mg"", ""FAXIN-250"", ""Sands active, Sri Lanka"", ""Sands active, Sri Lanka"", ""15.10 / Capsule""]"
87,6,Formoterol + Fluticasone,Inhaler (metered dose),5 mcg + 125 mcg/dose,"1,665.76/ Canister",pdfplumber_table,"[""87"", ""Formoterol + Fluticasone"", ""Inhaler (metered dose)"", ""5 mcg + 125 mcg/dose"", ""FLIMYST 5/125"", ""Beximco, Bangladesh."", ""Emerchemie NB"", ""1,665.76/ Canister""]"
88,6,Ofloxacin,Eye drops,0.30%,192.00/ 5 mL,pdfplumber_table,"[""88"", ""Ofloxacin"", ""Eye drops"", ""0.30%"", ""FLOBOID"", ""Micro Labs, India"", ""Micro Healthcare"", ""192.00/ 5 mL""]"
89,6,Fluconazole,Capsule,150 mg,67.00/ Capsule,pdfplumber_table,"[""89"", ""Fluconazole"", ""Capsule"", ""150 mg"", ""FLUCAST 150"", ""McW Healthcare, India"", ""Innogen Lanka"", ""67.00/ Capsule""]"
90,6,Flumazenil,Injection,500 mcg/5 mL,"7,230.98/ 5 mL",pdfplumber_table,"[""90"", ""Flumazenil"", ""Injection"", ""500 mcg/5 mL"", ""Flumazenil"", ""Mercury Laboratories, India"", ""Yaden International"", ""7,230.98/ 5 mL""]"
91,6,Fluticasone,Pressurized inhalation,50 mcg/dose,"2,062.50/ Canister",pdfplumber_table,"[""91"", ""Fluticasone"", ""Pressurized inhalation"", ""50 mcg/dose"", ""Fluticasone"", ""Heilongjiang, China"", ""Ceyoka (Pvt) Ltd."", ""2,062.50/ Canister""]"
92,6,Formoterol + Budesonide,Inhalation capsule,6 mcg + 400 mcg,43.00/ Capsule,pdfplumber_table,"[""92"", ""Formoterol + Budesonide"", ""Inhalation capsule"", ""6 mcg + 400 mcg"", ""FORMONIDE 400"", ""Lina Manufacturing, Sri Lanka"", ""Lina Manufacturing, Sri Lanka"", ""43.00/ Capsule""]"
93,6,Framycetin sulfate,Cream,1%,177.35/ 20 g,pdfplumber_table,"[""93"", ""Framycetin sulfate"", ""Cream"", ""1%"", ""FRAMICIN"", ""Nem Laboratories, India"", ""Softlogic Pharmaceuticals"", ""177.35/ 20 g""]"
94,6,Fusidic acid,Ointment,2%,839.77/ 15 g,pdfplumber_table,"[""94"", ""Fusidic acid"", ""Ointment"", ""2%"", ""FUSITOP"", ""Aurochem Laboratories, India"", ""Slim Pharmaceutical"", ""839.77/ 15 g""]"
95,7,Gabapentin,Capsule,100 mg,,pdfplumber_page_text_fallback,"[""95"", ""Gabapentin"", ""Capsule"", ""100 mg""]"
96,7,Sitagliptin,Tablet,100 mg,57.00/ Tablet,pdfplumber_table,"[""96"", ""Sitagliptin"", ""Tablet"", ""100 mg"", ""GENSITA 100"", ""Newgen, Sri Lanka."", ""Newgen, Sri Lanka."", ""57.00/ Tablet""]"
97,7,Sitagliptin,Tablet,50 mg,32.50/ Tablet,pdfplumber_table,"[""97"", ""Sitagliptin"", ""Tablet"", ""50 mg"", ""GENSITA 50"", ""Newgen, Sri Lanka."", ""Newgen, Sri Lanka."", ""32.50/ Tablet""]"
98,7,Glimepiride,Tablet,1 mg,12.00/ Tablet,pdfplumber_table,"[""98"", ""Glimepiride"", ""Tablet"", ""1 mg"", ""GLIMPIR 1"", ""Celogen, Sri Lanka"", ""Celogen, Sri Lanka"", ""12.00/ Tablet""]"
99,7,Amphotericin B liposomal,Injection,50 mg,"34,425.02 / Vial",pdfplumber_table,"[""99"", ""Amphotericin B liposomal"", ""Injection"", ""50 mg"", ""GUFISOME"", ""Gufic, India"", ""Slim Pharmaceutical"", ""34,425.02 / Vial""]"
100,7,Methotrexate,Injection,50mg/2 mL,820.00/ 2 mL,pdfplumber_table,"[""100"", ""Methotrexate"", ""Injection"", ""50mg/2 mL"", ""HI TREX-PF"", ""VHB, India"", ""Yaden International"", ""820.00/ 2 mL""]"
101,7,Multivitamin,Syrup,-,188.58/ 45 mL,pdfplumber_table,"[""101"", ""Multivitamin"", ""Syrup"", ""-"", ""HOVITE"", ""Raptakos Brett, India"", ""Pharma Associates"", ""188.58/ 45 mL""]"
102,7,Multivitamin,Syrup,-,506.20/ 120 mL,pdfplumber_table,"[""102"", ""Multivitamin"", ""Syrup"", ""-"", ""HOVITE"", ""Raptakos Brett, India"", ""Pharma Associates"", ""506.20/ 120 mL""]"
103,7,Hydralazine,Injection,20 mg/mL,"2,067.56/ 1 mL",pdfplumber_table,"[""103"", ""Hydralazine"", ""Injection"", ""20 mg/mL"", ""Hydralazine"", ""Ciron Drugs, India"", ""Ceyoka (Pvt) Ltd."", ""2,067.56/ 1 mL""]"
104,7,Hydrocortisone,Injection,100 mg,286.00 /Vial,pdfplumber_table,"[""104"", ""Hydrocortisone"", ""Injection"", ""100 mg"", ""HYDROCORT 100"", ""Belco Pharma, India"", ""Pharmatec (Pvt) Ltd."", ""286.00 /Vial""]"
105,7,Hydrocortisone,Injection,100 mg,263.92/ 5 mL,pdfplumber_table,"[""105"", ""Hydrocortisone"", ""Injection"", ""100 mg"", ""Hydrocortisone"", ""Ciron Drugs, India"", ""Ceyoka (Pvt) Ltd."", ""263.92/ 5 mL""]"
106,7,Hydroxocobalamin,Injection,1 mg/mL,315.00/ 1 mL Ampoule,pdfplumber_table,"[""106"", ""Hydroxocobalamin"", ""Injection"", ""1 mg/mL"", ""Hydroxocobalamin"", ""Mercury Laboratories, India"", ""Yaden International"", ""315.00/ 1 mL Ampoule""]"
107,7,Immunoglobulin (human normal),Solution for Infusion,50 g/L,"245,760.50/ 200 mL vial",pdfplumber_table,"[""107"", ""Immunoglobulin (human normal)"", ""Solution for Infusion"", ""50 g/L"", ""IG VENA"", ""Kedrion S.p.A, Italy"", ""Slim Pharmaceutical"", ""245,760.50/ 200 mL vial""]"
108,7,Immunoglobulin (human normal),Solution for Infusion,50 g/L,"122,880.25/ 100 mL vial",pdfplumber_table,"[""108"", ""Immunoglobulin (human normal)"", ""Solution for Infusion"", ""50 g/L"", ""IG VENA"", ""Kedrion S.p.A, Italy"", ""Slim Pharmaceutical"", ""122,880.25/ 100 mL vial""]"
109,7,Immunoglobulin (human normal),Solution for Infusion,50 g/L,"61,440.12 / 50 mL vial",pdfplumber_table,"[""109"", ""Immunoglobulin (human normal)"", ""Solution for Infusion"", ""50 g/L"", ""IG VENA"", ""Kedrion S.p.A, Italy"", ""Slim Pharmaceutical"", ""61,440.12 / 50 mL vial""]"
110,7,Human Coagulation Factor VIII and Human von Willebrand Factor,Injection,250 IU and 190 IU,"17,478.88/ Vial",pdfplumber_table,"[""110"", ""Human Coagulation Factor VIII and Human von Willebrand Factor"", ""Injection"", ""250 IU and 190 IU"", ""IMMUNATE"", ""Takeda, Austria"", ""A.J. Medichem"", ""17,478.88/ Vial""]"
111,8,Influenza vaccine (inactivated surface antigen),Injection,15 mcg/0.5 mL,,pdfplumber_page_text_fallback,"[""111"", ""Influenza vaccine (inactivated surface antigen)"", ""Injection"", ""15 mcg/0.5 mL""]"
112,8,Irinotecan,Injection,100 mg/5 mL,"10,487.33/ Vial",pdfplumber_table,"[""112"", ""Irinotecan"", ""Injection"", ""100 mg/5 mL"", ""Irinotecan"", ""Getwell Pharma, India"", ""Esses Pharmacy"", ""10,487.33/ Vial""]"
113,8,Iohexol,Injection,350 mg I/mL,980.56/ 20 mL vial,pdfplumber_table,"[""113"", ""Iohexol"", ""Injection"", ""350 mg I/mL"", ""JODASCAN 350"", ""Jodas Expoim, India"", ""Softcare International"", ""980.56/ 20 mL vial""]"
114,8,Iohexol,Injection,350 mg I/mL,"2,451.40/ 50 mL vial",pdfplumber_table,"[""114"", ""Iohexol"", ""Injection"", ""350 mg I/mL"", ""JODASCAN 350"", ""Jodas Expoim, India"", ""Softcare International"", ""2,451.40/ 50 mL vial""]"
115,8,Iohexol,Injection,350 mg I/mL,"3,454.25/ 75 mL vial",pdfplumber_table,"[""115"", ""Iohexol"", ""Injection"", ""350 mg I/mL"", ""JODASCAN 350"", ""Jodas Expoim, India"", ""Softcare International"", ""3,454.25/ 75 mL vial""]"
116,8,Iohexol,Injection,350 mg I/mL,"4,605.68/ 100 mL vial",pdfplumber_table,"[""116"", ""Iohexol"", ""Injection"", ""350 mg I/mL"", ""JODASCAN 350"", ""Jodas Expoim, India"", ""Softcare International"", ""4,605.68/ 100 mL vial""]"
117,8,Everolimus,Tablet,0.25 mg,572.00/ Tablet,pdfplumber_table,"[""117"", ""Everolimus"", ""Tablet"", ""0.25 mg"", ""JOELIMUS 0.25"", ""Jodas Expoim, India"", ""Softcare International"", ""572.00/ Tablet""]"
118,8,Levetiracetam,Tablet (extended release),750 mg,125.23/ Tablet,pdfplumber_table,"[""118"", ""Levetiracetam"", ""Tablet (extended release)"", ""750 mg"", ""JULITAM XR"", ""Celogen, Sri Lanka"", ""Celogen, Sri Lanka"", ""125.23/ Tablet""]"
119,8,Calcium + Cholecalciferol,Tablet (chewable),500 mg + 400 IU,22.67/ Tablet,pdfplumber_table,"[""119"", ""Calcium + Cholecalciferol"", ""Tablet (chewable)"", ""500 mg + 400 IU"", ""KACO-D 500"", ""Gamma Interpharm, Sri Lanka."", ""Gamma Interpharm, Sri Lanka."", ""22.67/ Tablet""]"
120,8,Cefuroxime,Injection,750 mg,640.00/ Vial,pdfplumber_table,"[""120"", ""Cefuroxime"", ""Injection"", ""750 mg"", ""KALCEF"", ""Zhuhai, China"", ""Hemas Pharmaceuticals"", ""640.00/ Vial""]"
121,8,Cefalexin,Oral suspension,125 mg/ 5 mL,354.20/ 100 mL,pdfplumber_table,"[""121"", ""Cefalexin"", ""Oral suspension"", ""125 mg/ 5 mL"", ""KEPHALEX B"", ""Bharat Parenterals, India"", ""Baur Life Science"", ""354.20/ 100 mL""]"
122,8,Phytomenadione,Injection,1 mg/0.5 mL,350.00/ 0.5 mL,pdfplumber_table,"[""122"", ""Phytomenadione"", ""Injection"", ""1 mg/0.5 mL"", ""K-VIT 1"", ""Kelun Lifesciences, Sri Lanka"", ""Kelun Lifesciences, Sri Lanka"", ""350.00/ 0.5 mL""]"
123,8,Lamotrigine,Tablet,50 mg,29.66/ Tablet,pdfplumber_table,"[""123"", ""Lamotrigine"", ""Tablet"", ""50 mg"", ""LAMITOR 50"", ""Torrent, India."", ""Hemas Pharmaceuticals"", ""29.66/ Tablet""]"
124,8,Levocetirizine,Tablet,5 mg,18.85/ Tablet,pdfplumber_table,"[""124"", ""Levocetirizine"", ""Tablet"", ""5 mg"", ""LECET"", ""Genome, Pakistan"", ""Medisurge Healthcare"", ""18.85/ Tablet""]"
125,8,Lamivudine,Tablet,150 mg,180.80/ Tablet,pdfplumber_table,"[""125"", ""Lamivudine"", ""Tablet"", ""150 mg"", ""LEMIVIR"", ""Celogen, Sri Lanka"", ""Celogen, Sri Lanka"", ""180.80/ Tablet""]"
126,8,Leucovorin calcium,Injection,15 mg/2 mL,446.64/ Ampoule,pdfplumber_table,"[""126"", ""Leucovorin calcium"", ""Injection"", ""15 mg/2 mL"", ""LEUCOWEL"", ""Getwell Pharma, India"", ""Esses Pharmacy"", ""446.64/ Ampoule""]"
127,9,Levetiracetam,Tablet,750 mg,,pdfplumber_page_text_fallback,"[""127"", ""Levetiracetam"", ""Tablet"", ""750 mg""]"
128,9,Lidocaine,Injection,2%,180.00/ 5mL,pdfplumber_table,"[""128"", ""Lidocaine"", ""Injection"", ""2%"", ""LICAN"", ""Kelun Lifesciences, Sri Lanka"", ""Kelun Lifesciences, Sri Lanka"", ""180.00/ 5mL""]"
129,9,Lidocaine,Injection,2%,194.40/ 20mL,pdfplumber_table,"[""129"", ""Lidocaine"", ""Injection"", ""2%"", ""LICAN"", ""Kelun Lifesciences, Sri Lanka"", ""Kelun Lifesciences, Sri Lanka"", ""194.40/ 20mL""]"
130,9,Lidocaine,Injection,2%,180.00/ 5 mL,pdfplumber_table,"[""130"", ""Lidocaine"", ""Injection"", ""2%"", ""Lidocaine"", ""Yaden Laboratories, Sri Lanka"", ""Yaden Laboratories, Sri Lanka"", ""180.00/ 5 mL""]"
131,9,Lidocaine,Injection,2%,194.40/ 20 mL,pdfplumber_table,"[""131"", ""Lidocaine"", ""Injection"", ""2%"", ""Lidocaine"", ""Yaden Laboratories, Sri Lanka"", ""Yaden Laboratories, Sri Lanka"", ""194.40/ 20 mL""]"
132,9,Lidocaine,Injection,2%,150.00/ 5mL,pdfplumber_table,"[""132"", ""Lidocaine"", ""Injection"", ""2%"", ""Lidocaine"", ""Mercury Laboratories, India"", ""Yaden International"", ""150.00/ 5mL""]"
133,9,Lidocaine,Injection,2%,99.87/ 5 mL,pdfplumber_table,"[""133"", ""Lidocaine"", ""Injection"", ""2%"", ""Lidocaine"", ""Pharmafabrikon, India"", ""Novachem Lanka"", ""99.87/ 5 mL""]"
134,9,Lidocaine,Injection,2%,149.82/ 20 mL,pdfplumber_table,"[""134"", ""Lidocaine"", ""Injection"", ""2%"", ""Lidocaine"", ""Pharmafabrikon, India"", ""Novachem Lanka"", ""149.82/ 20 mL""]"
135,9,Lidocaine,Injection,2%,220.00/ 30 mL,pdfplumber_table,"[""135"", ""Lidocaine"", ""Injection"", ""2%"", ""Lidocaine"", ""Pharmafabrikon, India"", ""Novachem Lanka"", ""220.00/ 30 mL""]"
136,9,Linezolid,Injection,600 mg/300 mL,"2,184.35/ Ampoule",pdfplumber_table,"[""136"", ""Linezolid"", ""Injection"", ""600 mg/300 mL"", ""LINZO-R"", ""ER. K. Laboratories, India."", ""PTC Medical"", ""2,184.35/ Ampoule""]"
137,9,Atorvastatin,Tablet,10 mg,22.10/ Tablet,pdfplumber_table,"[""137"", ""Atorvastatin"", ""Tablet"", ""10 mg"", ""LIPITOR"", ""Pfizer, Germany"", ""Hemas Pharmaceuticals"", ""22.10/ Tablet""]"
138,9,Loratadine,Oral Solution,5 mg/5mL,416.00 / 60mL,pdfplumber_table,"[""138"", ""Loratadine"", ""Oral Solution"", ""5 mg/5mL"", ""LORID"", ""Unique Pharmaceuticals Laboratories, India"", ""George Steuart Health (Pvt) Ltd"", ""416.00 / 60mL""]"
139,9,Meloxicam,Tablet,7.5 mg,8.00/ Tablet,pdfplumber_table,"[""139"", ""Meloxicam"", ""Tablet"", ""7.5 mg"", ""LOXINOL 7.5"", ""Agio Pharmaceuticals, India"", ""Citihealth Imports"", ""8.00/ Tablet""]"
140,9,Losartan,Tablet,25 mg,8.00/ Tablet,pdfplumber_table,"[""140"", ""Losartan"", ""Tablet"", ""25 mg"", ""LOZART"", ""Astron, Sri Lanka"", ""Astron, Sri Lanka"", ""8.00/ Tablet""]"
141,9,Leuprolide,Injection (depot),3.75 mg,"10,924.30/ Vial",pdfplumber_table,"[""141"", ""Leuprolide"", ""Injection (depot)"", ""3.75 mg"", ""LUPROVA 3.75"", ""Celon Laboratories,India"", ""Medmart Pharma"", ""10,924.30/ Vial""]"
142,10,Mitomycin,Injection,2 mg,,pdfplumber_page_text_fallback,"[""142"", ""Mitomycin"", ""Injection"", ""2 mg""]"
143,10,Magnesium sulphate,Injection,50%,30.40 / 1mL,pdfplumber_table,"[""143"", ""Magnesium sulphate"", ""Injection"", ""50%"", ""MAGCI-50 INJECTION"", ""Ciron Drugs, India"", ""Ceyoka (Pvt) Ltd."", ""30.40 / 1mL""]"
144,10,Magnesium sulphate,Injection,50%,100.32 / 2mL,pdfplumber_table,"[""144"", ""Magnesium sulphate"", ""Injection"", ""50%"", ""MAGCI-50 INJECTION"", ""Ciron Drugs, India"", ""Ceyoka (Pvt) Ltd."", ""100.32 / 2mL""]"
145,10,Magnesium sulphate,Injection,50%,304.00 / 10mL,pdfplumber_table,"[""145"", ""Magnesium sulphate"", ""Injection"", ""50%"", ""MAGCI-50 INJECTION"", ""Ciron Drugs, India"", ""Ceyoka (Pvt) Ltd."", ""304.00 / 10mL""]"
146,10,Oxytocin,Injection,5 IU/1 mL,431.75/Ampoule,pdfplumber_table,"[""146"", ""Oxytocin"", ""Injection"", ""5 IU/1 mL"", ""MARITON"", ""Chengdu Hepatunn, China"", ""Slim Pharmaceutical"", ""431.75/Ampoule""]"
147,10,Mefanamic acid,Tablet,500mg,16.87 / Tablet,pdfplumber_table,"[""147"", ""Mefanamic acid"", ""Tablet"", ""500mg"", ""MEFTAL 500"", ""Blue cross laboratories, India"", ""sunshine Healthcare"", ""16.87 / Tablet""]"
148,10,Mutivitamin and Minerals,Tablet,-,55.00/ Tablet,pdfplumber_table,"[""148"", ""Mutivitamin and Minerals"", ""Tablet"", ""-"", ""MEGAVIT"", ""The Acme, Bangladesh"", ""Mega Pharma"", ""55.00/ Tablet""]"
149,10,Cefepime,Injection,500 mg,795.00/ 10 mL,pdfplumber_table,"[""149"", ""Cefepime"", ""Injection"", ""500 mg"", ""MELPIN 500"", ""Sands active, Sri Lanka"", ""Sands active, Sri Lanka"", ""795.00/ 10 mL""]"
150,10,Sitagliptin,Tablet,25 mg,28.37/Tablet (Blister) 26.95/Tablet (Bulk),pdfplumber_table,"[""150"", ""Sitagliptin"", ""Tablet"", ""25 mg"", ""MELSITA 25"", ""Sands active, Sri Lanka"", ""Sands active, Sri Lanka"", ""28.37/Tablet (Blister) 26.95/Tablet (Bulk)""]"
151,10,Meropenem,Injection,1g,"7,661.75/ Vial",pdfplumber_table,"[""151"", ""Meropenem"", ""Injection"", ""1g"", ""MEROFIC 1G"", ""Gufic, India"", ""Slim Pharmaceutical"", ""7,661.75/ Vial""]"
152,10,Aceclofenac,Tablet,100 mg,20.47/Tablet,pdfplumber_table,"[""152"", ""Aceclofenac"", ""Tablet"", ""100 mg"", ""MERVAN"", ""Aristopharma, Bangladesh"", ""Hemas Pharmaceuticals"", ""20.47/Tablet""]"
153,10,Mesna,Injection,200 mg/2 mL,543.97/Ampoule,pdfplumber_table,"[""153"", ""Mesna"", ""Injection"", ""200 mg/2 mL"", ""Mesna"", ""Getwell Pharma, India"", ""Esses Pharmacy"", ""543.97/Ampoule""]"
154,10,Methylphenidate,Tablet,10 mg,40.00/ Tablet (Blister) 36.80/ Tablet (Bulk),pdfplumber_table,"[""154"", ""Methylphenidate"", ""Tablet"", ""10 mg"", ""METHYPHEN"", ""Celogen, Sri Lanka"", ""Celogen, Sri Lanka"", ""40.00/ Tablet (Blister) 36.80/ Tablet (Bulk)""]"
155,10,Metoclopramide,Tablet,10 mg,7.00/ Tablet,pdfplumber_table,"[""155"", ""Metoclopramide"", ""Tablet"", ""10 mg"", ""Metoclopramide"", ""Mercury Laboratories, India"", ""Yaden International"", ""7.00/ Tablet""]"
156,10,Metoclopramide,Injection,10 mg/2 mL,98.00/ 2 mL,pdfplumber_table,"[""156"", ""Metoclopramide"", ""Injection"", ""10 mg/2 mL"", ""Metoclopramide"", ""Mercury Laboratories, India"", ""Yaden International"", ""98.00/ 2 mL""]"
157,10,Milrinone,Injection,1 mg/1 mL,3 150.00 / 1 mL,pdfplumber_table,"[""157"", ""Milrinone"", ""Injection"", ""1 mg/1 mL"", ""MIRONE"", ""Kelun Lifescience, Sri Lanka"", ""Kelun Lifescience, Sri Lanka"", ""3 150.00 / 1 mL""]"
158,11,Telmisartan,Tablet,20 mg,,pdfplumber_page_text_fallback,"[""158"", ""Telmisartan"", ""Tablet"", ""20 mg""]"
159,11,Montelukast,Tablet (chewable),5 mg,11.00/Tablet,pdfplumber_table,"[""159"", ""Montelukast"", ""Tablet (chewable)"", ""5 mg"", ""MOTELAST 5"", ""Cadila Pharmaceuticals, India"", ""Sunshine Healthcare"", ""11.00/Tablet""]"
160,11,Mycophenolate,Tablet (gastro resistant),180 mg,277.56/ Tablet,pdfplumber_table,"[""160"", ""Mycophenolate"", ""Tablet (gastro resistant)"", ""180 mg"", ""MYFORTIC 180MG"", ""Norvatis, Switzerland"", ""Baur & Co."", ""277.56/ Tablet""]"
161,11,Mycophenolate,Tablet (delayed release),360 mg,355.00/ Tablet,pdfplumber_table,"[""161"", ""Mycophenolate"", ""Tablet (delayed release)"", ""360 mg"", ""MYOTEC -S 360"", ""United Biotech, India"", ""Klintas (Pvt) Ltd."", ""355.00/ Tablet""]"
162,11,Midazolam,Injection,5mg/mL,356.25/ 1 mL,pdfplumber_table,"[""162"", ""Midazolam"", ""Injection"", ""5mg/mL"", ""Midazolam"", ""Ciron Drugs, India"", ""Ceyoka (Pvt) Ltd."", ""356.25/ 1 mL""]"
163,11,Sodium chloride,Nasal spray,0.65%,154.82/ Pack,pdfplumber_table,"[""163"", ""Sodium chloride"", ""Nasal spray"", ""0.65%"", ""NASOCLEAR"", ""Zydus Life Sciences, India"", ""Gamma Interpharm"", ""154.82/ Pack""]"
164,11,Diclofenac potassium,Tablet,50 mg,16.50/ Tablet,pdfplumber_table,"[""164"", ""Diclofenac potassium"", ""Tablet"", ""50 mg"", ""NEODOL - K"", ""Micro Healthcare, India"", ""Micro Healthcare"", ""16.50/ Tablet""]"
165,11,Cyclophosphamide,Injection,200 mg,608.99/ Vial,pdfplumber_table,"[""165"", ""Cyclophosphamide"", ""Injection"", ""200 mg"", ""NEOPHOS"", ""Drug International, Bangladesh"", ""Tabrane Pharmaceuticals"", ""608.99/ Vial""]"
166,11,Etanercept,Injection (Pre- filled syringe),50 mg/1 mL,"30,950.00/ 0.5 mL re- filled syringe",pdfplumber_table,"[""166"", ""Etanercept"", ""Injection (Pre- filled syringe)"", ""50 mg/1 mL"", ""NEPEXTO"", ""Lupin, India"", ""Ceyoka (Pvt) Ltd."", ""30,950.00/ 0.5 mL re- filled syringe""]"
167,11,Etanercept,Injection (Pre- filled syringe),50 mg/1 mL,"52,000.00/ 1.0 mL Pre- filled syringe",pdfplumber_table,"[""167"", ""Etanercept"", ""Injection (Pre- filled syringe)"", ""50 mg/1 mL"", ""NEPEXTO"", ""Lupin, India"", ""Ceyoka (Pvt) Ltd."", ""52,000.00/ 1.0 mL Pre- filled syringe""]"
168,11,Etanercept,Injection (Pre- filled pen),50 mg/1 mL,"55,000/ Pre-filled pen",pdfplumber_table,"[""168"", ""Etanercept"", ""Injection (Pre- filled pen)"", ""50 mg/1 mL"", ""NEPEXTO"", ""Lupin, India"", ""Ceyoka (Pvt) Ltd."", ""55,000/ Pre-filled pen""]"
169,11,Recombinant Human Granulocyte Colony Stimulating Factor,Injection,300mcg/mL,"5,145.39/ Pre-filled syringe",pdfplumber_table,"[""169"", ""Recombinant Human Granulocyte Colony Stimulating Factor"", ""Injection"", ""300mcg/mL"", ""NEUTROFLX"", ""Kexing Biopharma, China."", ""Slim Pharmaceutical"", ""5,145.39/ Pre-filled syringe""]"
170,11,Nilotinib,Capsule,150 mg,"1,100.00/Capsule",pdfplumber_table,"[""170"", ""Nilotinib"", ""Capsule"", ""150 mg"", ""NILTIB 150"", ""Hetero Labs, India"", ""Mansel Ceylon"", ""1,100.00/Capsule""]"
171,11,Nimodipine,Infusion,10 mg/50 mL,"4,100.38/50 mL Vial",pdfplumber_table,"[""171"", ""Nimodipine"", ""Infusion"", ""10 mg/50 mL"", ""NIMODEC"", ""United Biotech, India"", ""Klintas (Pvt) Ltd."", ""4,100.38/50 mL Vial""]"
172,11,Ciprofloxacin,Infusion,200 mg/100 mL,153.84/Vial,pdfplumber_table,"[""172"", ""Ciprofloxacin"", ""Infusion"", ""200 mg/100 mL"", ""NIRCIP"", ""Aculife Healthcare, India"", ""Emerchemie NB"", ""153.84/Vial""]"
173,11,Thiamine hydrochloride,Injection,100 mg/ 2 mL,250.00/2 mL,pdfplumber_table,"[""173"", ""Thiamine hydrochloride"", ""Injection"", ""100 mg/ 2 mL"", ""ONE B"", ""Kelun Lifescience, Sri Lanka"", ""Kelun Lifescience, Sri Lanka"", ""250.00/2 mL""]"
174,12,Fentanyl,Injection,100 mcg/2 mL,,pdfplumber_page_text_fallback,"[""174"", ""Fentanyl"", ""Injection"", ""100 mcg/2 mL""]"
175,12,Carboxymethylcellulose + Glycerin,Eye drops,0.5% + 0.9%,"1,476.00/15 mL Vial",pdfplumber_table,"[""175"", ""Carboxymethylcellulose + Glycerin"", ""Eye drops"", ""0.5% + 0.9%"", ""OPTIVE"", ""Allergen LLC, USA"", ""Hemas Pharmaceuticals"", ""1,476.00/15 mL Vial""]"
176,12,Loratadine,Suspension,5 mg/ 5mL,431.00 / 60mL,pdfplumber_table,"[""176"", ""Loratadine"", ""Suspension"", ""5 mg/ 5mL"", ""Oradin"", ""Eskayef Bangladesh Limited, Bangladesh"", ""Truvic Private Ltd"", ""431.00 / 60mL""]"
177,12,Hyoscine butylbromide,Tablet,10 mg,27.19/Tablet,pdfplumber_table,"[""177"", ""Hyoscine butylbromide"", ""Tablet"", ""10 mg"", ""OROSPAS"", ""Macleods, India"", ""Emerchemie NB"", ""27.19/Tablet""]"
178,12,Protamine Sulphate,Injection,50mg/5 mL,"1,370.50/ Ampoule",pdfplumber_table,"[""178"", ""Protamine Sulphate"", ""Injection"", ""50mg/5 mL"", ""ORVOPROT 50"", ""United Biotech, India"", ""Klintas (Pvt) Ltd."", ""1,370.50/ Ampoule""]"
179,12,Oseltamivir,Capsule,45 mg,488.55/Capsule,pdfplumber_table,"[""179"", ""Oseltamivir"", ""Capsule"", ""45 mg"", ""Oseltamivir"", ""Sands active, Sri Lanka"", ""Sands active, Sri Lanka"", ""488.55/Capsule""]"
180,12,Octreotide,Injection,50 mcg/mL,"1,393.00/Vial",pdfplumber_table,"[""180"", ""Octreotide"", ""Injection"", ""50 mcg/mL"", ""OTIDE"", ""United Biotech, India"", ""Klintas (Pvt) Ltd."", ""1,393.00/Vial""]"
181,12,Pantoprazole,Tablet (delayed release),20 mg,25.00 /Tablet,pdfplumber_table,"[""181"", ""Pantoprazole"", ""Tablet (delayed release)"", ""20 mg"", ""PANTO DR 20"", ""Newgen, Sri Lanka."", ""Newgen, Sri Lanka."", ""25.00 /Tablet""]"
182,12,Paracetamol,Tablet,500 mg,3.20/Tablet,pdfplumber_table,"[""182"", ""Paracetamol"", ""Tablet"", ""500 mg"", ""PARAMOL 500"", ""Newgen, Sri Lanka."", ""Newgen, Sri Lanka."", ""3.20/Tablet""]"
183,12,Enoxaparin,Injection,40 mg/0.4 mL,"2,635.00/Pre-filled syringe",pdfplumber_table,"[""183"", ""Enoxaparin"", ""Injection"", ""40 mg/0.4 mL"", ""PARIN-E"", ""Venus Remedies, India"", ""Yaden International"", ""2,635.00/Pre-filled syringe""]"
184,12,Pemetrexed,Injection,100 mg,"5,605.30/Vial",pdfplumber_table,"[""184"", ""Pemetrexed"", ""Injection"", ""100 mg"", ""PEMETRA 100"", ""Getwell Pharma, India"", ""Esses Pharmacy"", ""5,605.30/Vial""]"
185,12,Phenylephrine,Injection,10 mg/mL,"2,311.52/Vial",pdfplumber_table,"[""185"", ""Phenylephrine"", ""Injection"", ""10 mg/mL"", ""PHERAN"", ""Kelun Lifescience, Sri Lanka"", ""Kelun Lifescience, Sri Lanka"", ""2,311.52/Vial""]"
186,12,Phenylephrine,Injection,10 mg/mL,"1,955/Ampoule",pdfplumber_table,"[""186"", ""Phenylephrine"", ""Injection"", ""10 mg/mL"", ""PHRINTEC"", ""United Biotech, India"", ""Klintas (Pvt) Ltd."", ""1,955/Ampoule""]"
187,12,Piroxicam,Gel,0.50%,475.00/30 g,pdfplumber_table,"[""187"", ""Piroxicam"", ""Gel"", ""0.50%"", ""PICAM GEL"", ""Micro Labs, India"", ""Micro Healthcare"", ""475.00/30 g""]"
188,12,Cefepime,Injection,1 g,"1,023.78/Vial",pdfplumber_table,"[""188"", ""Cefepime"", ""Injection"", ""1 g"", ""PIMECEF 1G"", ""Surge Laboratories, Pakistan"", ""George Steuart"", ""1,023.78/Vial""]"
189,12,Cefepime,Injection,500 mg,588.23/vial,pdfplumber_table,"[""189"", ""Cefepime"", ""Injection"", ""500 mg"", ""PIMECEF 500"", ""Surge Laboratories, Pakistan"", ""George Steuart"", ""588.23/vial""]"
190,13,Pneumococcal Polysaccharide Conjugate Vaccine (Adsorbed) 10 valent,Injection,5 doses/vial,,pdfplumber_page_text_fallback,"[""190"", ""Pneumococcal Polysaccharide Conjugate Vaccine (Adsorbed) 10 valent"", ""Injection"", ""5 doses/vial""]"
191,13,"Poliomyelitis vaccine (bivalent, type 1 & type 3, live oral)",Oral drops,-,690.39/ 10 dose vial,pdfplumber_table,"[""191"", ""Poliomyelitis vaccine (bivalent, type 1 & type 3, live oral)"", ""Oral drops"", ""-"", ""Poliomyelitis vaccine (bivalent, type 1 & type 3, live oral)"", ""Panacea Biotec, India"", ""Baur & Co."", ""690.39/ 10 dose vial""]"
192,13,"Poliomyelitis vaccine (bivalent, type 1 & type 3, live oral)",Oral drops,-,"1,380.78/ 20 dose vial",pdfplumber_table,"[""192"", ""Poliomyelitis vaccine (bivalent, type 1 & type 3, live oral)"", ""Oral drops"", ""-"", ""Poliomyelitis vaccine (bivalent, type 1 & type 3, live oral)"", ""Panacea Biotec, India"", ""Baur & Co."", ""1,380.78/ 20 dose vial""]"
193,13,Pramipexole,Tablet,0.25 mg,44.00 /Tablet,pdfplumber_table,"[""193"", ""Pramipexole"", ""Tablet"", ""0.25 mg"", ""PRAMIZ 0.25"", ""Zydus Life Sciences, India"", ""Zydus Lanka"", ""44.00 /Tablet""]"
194,13,Human Normal Immunoglobulin Solution for Infusion 100g/1000mL,Infusion,100g/1000mL,"491,521.00/200 mL",pdfplumber_table,"[""194"", ""Human Normal Immunoglobulin Solution for Infusion 100g/1000mL"", ""Infusion"", ""100g/1000mL"", ""PRIVIGEN"", ""CSL Behring, Switzerland"", ""ABC Pharma Services"", ""491,521.00/200 mL""]"
195,13,Human Normal Immunoglobulin Solution for Infusion 100g/1000mL,Infusion,100g/1000mL,"245,760.50/100mL",pdfplumber_table,"[""195"", ""Human Normal Immunoglobulin Solution for Infusion 100g/1000mL"", ""Infusion"", ""100g/1000mL"", ""PRIVIGEN"", ""CSL Behring, Switzerland"", ""ABC Pharma Services"", ""245,760.50/100mL""]"
196,13,Human Normal Immunoglobulin Solution for Infusion 100g/1000mL,Infusion,100g/1000mL,"122,880.25/50mL",pdfplumber_table,"[""196"", ""Human Normal Immunoglobulin Solution for Infusion 100g/1000mL"", ""Infusion"", ""100g/1000mL"", ""PRIVIGEN"", ""CSL Behring, Switzerland"", ""ABC Pharma Services"", ""122,880.25/50mL""]"
197,14,Human Normal Immunoglobulin,Infusion,100g/1000mL,,pdfplumber_page_text_fallback,"[""197"", ""Human Normal Immunoglobulin"", ""Infusion"", ""100g/1000mL""]"
198,14,Promethazine,Oral solution,5 mg/5 mL,135.00/100 mL,pdfplumber_table,"[""198"", ""Promethazine"", ""Oral solution"", ""5 mg/5 mL"", ""PROMACE"", ""Ace Healthcare, Sri Lanka"", ""Ace Healthcare, Sri Lanka"", ""135.00/100 mL""]"
199,14,Promethazine,Oral solution,5 mg/5 mL,550.00/500 mL,pdfplumber_table,"[""199"", ""Promethazine"", ""Oral solution"", ""5 mg/5 mL"", ""PROMACE"", ""Ace Healthcare, Sri Lanka"", ""Ace Healthcare, Sri Lanka"", ""550.00/500 mL""]"
200,14,Promethazine,Injection,25 mg/mL,179.02/1mL,pdfplumber_table,"[""200"", ""Promethazine"", ""Injection"", ""25 mg/mL"", ""Promethazine"", ""Yaden Laboratories, Sri Lanka"", ""Yaden Laboratories, Sri Lanka"", ""179.02/1mL""]"
201,14,Promethazine,Injection,25 mg/mL,330.00/2 mL,pdfplumber_table,"[""201"", ""Promethazine"", ""Injection"", ""25 mg/mL"", ""Promethazine"", ""Yaden Laboratories, Sri Lanka"", ""Yaden Laboratories, Sri Lanka"", ""330.00/2 mL""]"
202,14,Glucose,Infusion,10%,270.00/500mL,pdfplumber_table,"[""202"", ""Glucose"", ""Infusion"", ""10%"", ""R DEX-D10"", ""R.K. Laboratories, India"", ""PTC Medical"", ""270.00/500mL""]"
203,14,Ranitidine,Injection,25 mg/mL,111.46/2 mL,pdfplumber_table,"[""203"", ""Ranitidine"", ""Injection"", ""25 mg/mL"", ""RANITID"", ""Sakar Healthcare, India."", ""Ceyoka (Pvt) Ltd."", ""111.46/2 mL""]"
204,14,Diazepam,Injection,5 mg/mL,500.19/2 mL,pdfplumber_table,"[""204"", ""Diazepam"", ""Injection"", ""5 mg/mL"", ""RELIVIUM"", ""HBM Pharma, Latvia"", ""Baur Life Science"", ""500.19/2 mL""]"
205,14,Infliximab,Injection,120 mg,"207,599.30/Pack of 2 pre-filled syringes",pdfplumber_table,"[""205"", ""Infliximab"", ""Injection"", ""120 mg"", ""REMSIMA SC"", ""Celtrion, Korea."", ""George Steuart"", ""207,599.30/Pack of 2 pre-filled syringes""]"
206,14,Infliximab,Injection,120 mg,"103,799.65/Pack of 1 pre-filled syringe",pdfplumber_table,"[""206"", ""Infliximab"", ""Injection"", ""120 mg"", ""REMSIMA SC"", ""Celtrion, Korea."", ""George Steuart"", ""103,799.65/Pack of 1 pre-filled syringe""]"
207,14,Risperidone,Tablet,2 mg,15.32/Tablet,pdfplumber_table,"[""207"", ""Risperidone"", ""Tablet"", ""2 mg"", ""RESICALM 2"", ""Aurobindo Pharma, India"", ""Alaris Lanka"", ""15.32/Tablet""]"
208,14,Risperidone,Tablet,1 mg,9.00/Tablet,pdfplumber_table,"[""208"", ""Risperidone"", ""Tablet"", ""1 mg"", ""RESPIGEN 1"", ""Newgen, Sri Lanka."", ""Newgen, Sri Lanka."", ""9.00/Tablet""]"
209,14,Deferiprone,Tablet,500 mg,112.45/Tablet,pdfplumber_table,"[""209"", ""Deferiprone"", ""Tablet"", ""500 mg"", ""RIPRONE 500"", ""Genome, Pakistan"", ""Slim Pharmaceutical"", ""112.45/Tablet""]"
210,14,Risperidone,Tablet,2 mg,18.20/Tablet,pdfplumber_table,"[""210"", ""Risperidone"", ""Tablet"", ""2 mg"", ""Risperidone"", ""Sands active, Sri Lanka"", ""Sands active, Sri Lanka"", ""18.20/Tablet""]"
211,14,Rizatriptan,Tablet,5 mg,120.00/Tablet,pdfplumber_table,"[""211"", ""Rizatriptan"", ""Tablet"", ""5 mg"", ""RIZY 5"", ""Celogen, Sri Lanka"", ""Celogen, Sri Lanka"", ""120.00/Tablet""]"
212,14,Meropenem,Injection,500 mg,"4,396.50/Vial",pdfplumber_table,"[""212"", ""Meropenem"", ""Injection"", ""500 mg"", ""RONEM"", ""Venus Remedies, India"", ""Ceyoka (Pvt) Ltd."", ""4,396.50/Vial""]"
213,15,Rosuvastatin,Tablet,10 mg,,pdfplumber_page_text_fallback,"[""213"", ""Rosuvastatin"", ""Tablet"", ""10 mg""]"
214,15,Rosuvastatin,Tablet,5 mg,42.00/Tablet (Blister) 37.80/Tablet (Bulk),pdfplumber_table,"[""214"", ""Rosuvastatin"", ""Tablet"", ""5 mg"", ""Rosuvastatin"", ""Sands active, Sri Lanka"", ""Sands active, Sri Lanka"", ""42.00/Tablet (Blister) 37.80/Tablet (Bulk)""]"
215,15,Sodium chloride,Infusion,0.90%,206.40/500mL,pdfplumber_table,"[""215"", ""Sodium chloride"", ""Infusion"", ""0.90%"", ""R-SALINE NS"", ""R.K. Laboratories, India"", ""PTC Medical"", ""206.40/500mL""]"
216,15,Rupatadine,Tablet,10 mg,42.00/Tablet,pdfplumber_table,"[""216"", ""Rupatadine"", ""Tablet"", ""10 mg"", ""RUPADAY"", ""Eskayef , Bangladesh."", ""Truvic (Pvt) Ltd."", ""42.00/Tablet""]"
217,15,Coagulation Factor VIII (Recombinant),Injection,500 IU,"34,681.56 /vial",pdfplumber_table,"[""217"", ""Coagulation Factor VIII (Recombinant)"", ""Injection"", ""500 IU"", ""SAFACTO AF 250IU 500IU"", ""Saman Daroo, Iran"", ""Cliniqon Biotech"", ""34,681.56 /vial""]"
218,15,Coagulation Factor VIII (Recombinant),Injection,250 IU,"17,340.78/vial",pdfplumber_table,"[""218"", ""Coagulation Factor VIII (Recombinant)"", ""Injection"", ""250 IU"", ""SAFACTO AF 500IU 250 IU"", ""Saman Daroo, Iran"", ""Cliniqon Biotech"", ""17,340.78/vial""]"
219,15,Somatropin,Injection,5.83 mg/mL,"38,322.44/Pre-filled syringe",pdfplumber_table,"[""219"", ""Somatropin"", ""Injection"", ""5.83 mg/mL"", ""SAIZEN LIQUID"", ""Merck Serono, Italy"", ""Baur & Co."", ""38,322.44/Pre-filled syringe""]"
220,15,Salbutamol,Oral solution,BP 2 mg/5 mL,222.00/60 mL,pdfplumber_table,"[""220"", ""Salbutamol"", ""Oral solution"", ""BP 2 mg/5 mL"", ""Salbutamol"", ""Diyatha, Sri Lanka."", ""Diyatha, Sri Lanka."", ""222.00/60 mL""]"
221,15,Salbutamol,Oral solution,BP 2 mg/5 mL,371.00/100 mL,pdfplumber_table,"[""221"", ""Salbutamol"", ""Oral solution"", ""BP 2 mg/5 mL"", ""Salbutamol"", ""Diyatha, Sri Lanka."", ""Diyatha, Sri Lanka."", ""371.00/100 mL""]"
222,15,Salbutamol,Oral solution,BP 2 mg/5 mL,800.00/500 mL,pdfplumber_table,"[""222"", ""Salbutamol"", ""Oral solution"", ""BP 2 mg/5 mL"", ""Salbutamol"", ""Diyatha, Sri Lanka."", ""Diyatha, Sri Lanka."", ""800.00/500 mL""]"
223,15,Salbutamol,Oral solution,BP 2 mg/5 mL,"1,110.00/750 mL",pdfplumber_table,"[""223"", ""Salbutamol"", ""Oral solution"", ""BP 2 mg/5 mL"", ""Salbutamol"", ""Diyatha, Sri Lanka."", ""Diyatha, Sri Lanka."", ""1,110.00/750 mL""]"
224,15,Salbutamol,Pressurized Inhalation,200 mcg/dose,"1,460.00/Inhaler",pdfplumber_table,"[""224"", ""Salbutamol"", ""Pressurized Inhalation"", ""200 mcg/dose"", ""SALBUVENT 200 INHALER"", ""Lina Spiro, Sri Lanka"", ""Lina Spiro, Sri Lanka"", ""1,460.00/Inhaler""]"
225,15,Risperidone,Tablet,2 mg,17.50/ Tablet (blister) 15.75/Tablet (Bulk),pdfplumber_table,"[""225"", ""Risperidone"", ""Tablet"", ""2 mg"", ""SANDONE 2"", ""Sands active, Sri Lanka"", ""Sands active, Sri Lanka"", ""17.50/ Tablet (blister) 15.75/Tablet (Bulk)""]"
226,15,Sevoflurane,Inhalation Anesthetic Liquid,-,"38,850.00/Bottle",pdfplumber_table,"[""226"", ""Sevoflurane"", ""Inhalation Anesthetic Liquid"", ""-"", ""Sevoflurane"", ""Shandong, China"", ""Gulf Pharma"", ""38,850.00/Bottle""]"
227,15,Cefuroxime,Injection,250mg,452.00/ Vial,pdfplumber_table,"[""227"", ""Cefuroxime"", ""Injection"", ""250mg"", ""SHAMCEF 250"", ""Shamshree, India"", ""Omacx Healthcare"", ""452.00/ Vial""]"
228,15,Sildenafil,Tablet,20 mg,41.81/ Tablet,pdfplumber_table,"[""228"", ""Sildenafil"", ""Tablet"", ""20 mg"", ""SILATIO"", ""Unison, Thailand"", ""Sunshine Healthcare"", ""41.81/ Tablet""]"
229,16,Sildenafil,Tablet,50 mg,,pdfplumber_page_text_fallback,"[""229"", ""Sildenafil"", ""Tablet"", ""50 mg""]"
230,16,Basiliximab,Injection,20 mg,"275,000.00/Vial",pdfplumber_table,"[""230"", ""Basiliximab"", ""Injection"", ""20 mg"", ""SIMULECT"", ""Novartis, Switzerland"", ""Baur & Co."", ""275,000.00/Vial""]"
231,16,Sitagliptin,Tablet,100 mg,85.32/Tablet (Blister) 77.00/Tablet (Bulk),pdfplumber_table,"[""231"", ""Sitagliptin"", ""Tablet"", ""100 mg"", ""Sitagliptin"", ""Sands active, Sri Lanka"", ""Sands active, Sri Lanka"", ""85.32/Tablet (Blister) 77.00/Tablet (Bulk)""]"
232,16,Sitagliptin,Tablet,50 mg,48.01/Tablet,pdfplumber_table,"[""232"", ""Sitagliptin"", ""Tablet"", ""50 mg"", ""SITAGLYN 50"", ""Celogen, Sri Lanka"", ""Celogen, Sri Lanka"", ""48.01/Tablet""]"
233,16,Isotretinoin,Capsule,10 mg,138.07/Capsule,pdfplumber_table,"[""233"", ""Isotretinoin"", ""Capsule"", ""10 mg"", ""SOTRET"", ""Sun Pharmaceutical, India"", ""Emerchemie NB"", ""138.07/Capsule""]"
234,16,Succinylcholine,Injection,50 mg/mL,357.59/2 mL,pdfplumber_table,"[""234"", ""Succinylcholine"", ""Injection"", ""50 mg/mL"", ""SUXONIUM"", ""Kelun Lifescience, Sri Lanka"", ""Kelun Lifescience, Sri Lanka"", ""357.59/2 mL""]"
235,16,Tamsulosin,Capsule,0.4 mg,37.00/Capsule (Bliste) 30.00/Capsule (Bulk),pdfplumber_table,"[""235"", ""Tamsulosin"", ""Capsule"", ""0.4 mg"", ""TALMOSIN"", ""Ace Healthcare, Sri Lanka"", ""Ace Healthcare, Sri Lanka"", ""37.00/Capsule (Bliste) 30.00/Capsule (Bulk)""]"
236,16,Tamsulosin,Capsule,0.4mg,37.00/Tablet (Blister) 30.00/Tablet (Bulk),pdfplumber_table,"[""236"", ""Tamsulosin"", ""Capsule"", ""0.4mg"", ""Tamsulosin"", ""Ace Healthcare, Sri Lanka"", ""Ace Healthcare, Sri Lanka"", ""37.00/Tablet (Blister) 30.00/Tablet (Bulk)""]"
237,16,Cefotaxime,Injection,500 mg,425.64/Vial,pdfplumber_table,"[""237"", ""Cefotaxime"", ""Injection"", ""500 mg"", ""TAXOVENT 500"", ""Innova, India"", ""Cliniqon Biotech"", ""425.64/Vial""]"
238,16,Teicoplanin,Injection,200 mg,"4,850.00/ vial",pdfplumber_table,"[""238"", ""Teicoplanin"", ""Injection"", ""200 mg"", ""TECOPLAN 200"", ""United Biotech, India"", ""Klintas (Pvt) Ltd."", ""4,850.00/ vial""]"
239,16,Teicoplanin,Injection,400 mg,"8,800.00/vial",pdfplumber_table,"[""239"", ""Teicoplanin"", ""Injection"", ""400 mg"", ""TECOPLAN 400"", ""United Biotech, India"", ""Klintas (Pvt) Ltd."", ""8,800.00/vial""]"
240,16,Terbinafine,Gel,1.12%,587.54/15 g Tube,pdfplumber_table,"[""240"", ""Terbinafine"", ""Gel"", ""1.12%"", ""TEFIN"", ""HOE, Malaysia"", ""Indoscan (Pvt) Ltd."", ""587.54/15 g Tube""]"
241,16,Carbamazepine,Tablet (controlled release),200 mg,47.46/Tablet,pdfplumber_table,"[""241"", ""Carbamazepine"", ""Tablet (controlled release)"", ""200 mg"", ""TEGRETOL CR 200"", ""Novartis, Switzerland"", ""Baur & Co."", ""47.46/Tablet""]"
242,16,Telmisartan,Tablet,40 mg,26.32/Tablet,pdfplumber_table,"[""242"", ""Telmisartan"", ""Tablet"", ""40 mg"", ""TELGIO 40"", ""PT Dexa Medica, Indonesia"", ""Baur & Co."", ""26.32/Tablet""]"
243,16,Tetracycline,Capsule,250 mg,5.98/Capsule (Blister) 5.39/Capsule (Bulk),pdfplumber_table,"[""243"", ""Tetracycline"", ""Capsule"", ""250 mg"", ""TETRET 250"", ""Leben, India."", ""Ceyoka (Pvt) Ltd."", ""5.98/Capsule (Blister) 5.39/Capsule (Bulk)""]"
244,16,Theophylline Controlled Release Capsules,Capsule,200mg,6.43 / Capsule,pdfplumber_table,"[""244"", ""Theophylline Controlled Release Capsules"", ""Capsule"", ""200mg"", ""Theophylline"", ""Raptakos Brett & Co Ltd, India"", ""Pharma Associates,"", ""6.43 / Capsule""]"
245,17,Azathioprine,Tablet,50 mg,,pdfplumber_page_text_fallback,"[""245"", ""Azathioprine"", ""Tablet"", ""50 mg""]"
246,17,Levothyroxine,Tablet,50 mcg,10.67/Tablet,pdfplumber_table,"[""246"", ""Levothyroxine"", ""Tablet"", ""50 mcg"", ""THYRIN 50"", ""Square, Bangladesh"", ""CIC Holdings"", ""10.67/Tablet""]"
247,17,Thyroxin,Tablet,25 mcg,11.51/Tablet,pdfplumber_table,"[""247"", ""Thyroxin"", ""Tablet"", ""25 mcg"", ""THYROX 25"", ""Macleods, India"", ""Emerchemie NB"", ""11.51/Tablet""]"
248,17,Ticagrelor,Tablet,90 mg,113.00/Tablet,pdfplumber_table,"[""248"", ""Ticagrelor"", ""Tablet"", ""90 mg"", ""TICACARD 90"", ""Aristopharma, Bangladesh"", ""Hemas Pharmaceuticals"", ""113.00/Tablet""]"
249,17,Topiramate,Tablet,25 mg,24.00/Tablet,pdfplumber_table,"[""249"", ""Topiramate"", ""Tablet"", ""25 mg"", ""TOPIRA 25"", ""Celogen, Sri Lanka"", ""Celogen, Sri Lanka"", ""24.00/Tablet""]"
250,17,Topiramate,Tablet,50 mg,46.00/Tablet,pdfplumber_table,"[""250"", ""Topiramate"", ""Tablet"", ""50 mg"", ""TOPIRA 50"", ""Celogen, Sri Lanka"", ""Celogen, Sri Lanka"", ""46.00/Tablet""]"
251,17,Ketorolac,Injection,30 mg/mL,290.81/Ampoule,pdfplumber_table,"[""251"", ""Ketorolac"", ""Injection"", ""30 mg/mL"", ""TORADOL"", ""Martin Dow Pakistan"", ""Emerchemie NB"", ""290.81/Ampoule""]"
252,17,Torasemide,Tablet,10 mg,63.17/Tablet,pdfplumber_table,"[""252"", ""Torasemide"", ""Tablet"", ""10 mg"", ""TORAS - DENK 10"", ""Denk Pharma, Germany"", ""Sunshine Healthcare"", ""63.17/Tablet""]"
253,17,Terlipressin,Injection,1 mg/ 10 mL,"5,984.55/Ampoule",pdfplumber_table,"[""253"", ""Terlipressin"", ""Injection"", ""1 mg/ 10 mL"", ""T-PRESSIN"", ""United Biotech, India"", ""Klintas (Pvt) Ltd."", ""5,984.55/Ampoule""]"
254,17,Ceftriaxone,Injection,1000 mg,"1,025.38/Vial",pdfplumber_table,"[""254"", ""Ceftriaxone"", ""Injection"", ""1000 mg"", ""TRIAWA - 1000"", ""Sands active, Sri Lanka"", ""Sands active, Sri Lanka"", ""1,025.38/Vial""]"
255,17,Ciprofloxacin,Tablet,500 mg,16.88/Tablet,pdfplumber_table,"[""255"", ""Ciprofloxacin"", ""Tablet"", ""500 mg"", ""ULTRAFLOX-500"", ""Bal Pharma, India."", ""Yaden International"", ""16.88/Tablet""]"
256,17,Flucloxacillin,Injection,500 mg,907.95/Vial,pdfplumber_table,"[""256"", ""Flucloxacillin"", ""Injection"", ""500 mg"", ""UNIFLOX 500"", ""Navesta , Sri Lanka"", ""Navesta , Sri Lanka"", ""907.95/Vial""]"
257,17,Progesterone,Vaginal gel,8%,883.00/1.35g Tube,pdfplumber_table,"[""257"", ""Progesterone"", ""Vaginal gel"", ""8%"", ""VAGESTON"", ""Zydus Healthcare, India"", ""Hemas Pharmaceuticals"", ""883.00/1.35g Tube""]"
258,17,Clotrimazole,Pessary,100 mg,69.48/Pessary,pdfplumber_table,"[""258"", ""Clotrimazole"", ""Pessary"", ""100 mg"", ""VAGID"", ""Bliss GVS, India."", ""Sunshine Healthcare"", ""69.48/Pessary""]"
259,17,Vancomycin,Injection,1000 mg,"2,628.38/Vial",pdfplumber_table,"[""259"", ""Vancomycin"", ""Injection"", ""1000 mg"", ""VANCOTECH 1000"", ""United Biotech, India"", ""Klintas (Pvt) Ltd."", ""2,628.38/Vial""]"
260,17,"Varicella virus vaccine, live, attenuated (Oka- strain)",Injection,2000 PFU,"8,910.00/Vial",pdfplumber_table,"[""260"", ""Varicella virus vaccine, live, attenuated (Oka- strain)"", ""Injection"", ""2000 PFU"", ""VARILRIX"", ""Glaxo, Belgium"", ""Baur & Co."", ""8,910.00/Vial""]"
261,17,Vasopressin,Injection,20 IU/mL,"4,058.67/1 mL",pdfplumber_table,"[""261"", ""Vasopressin"", ""Injection"", ""20 IU/mL"", ""Vasopressin"", ""Kelun Lifescience, Sri Lanka"", ""Kelun Lifescience, Sri Lanka"", ""4,058.67/1 mL""]"
262,18,Trimetazidine,Tablet (modified release),35 mg,,pdfplumber_page_text_fallback,"[""262"", ""Trimetazidine"", ""Tablet (modified release)"", ""35 mg""]"
263,18,Clobazam,Tablet,5 mg,32.00/Tablet,pdfplumber_table,"[""263"", ""Clobazam"", ""Tablet"", ""5 mg"", ""VERCLOB"", ""Verve Human Care, India"", ""Leader Pharma."", ""32.00/Tablet""]"
264,18,Betahistine,Tablet,24 mg,48.00/Tablet,pdfplumber_table,"[""264"", ""Betahistine"", ""Tablet"", ""24 mg"", ""VERTIWA 24"", ""Sands active, Sri Lanka"", ""Sands active, Sri Lanka"", ""48.00/Tablet""]"
265,18,Betahistine,Tablet,8 mg,18.75/Tablet,pdfplumber_table,"[""265"", ""Betahistine"", ""Tablet"", ""8 mg"", ""VERTIWA 8"", ""Sands active, Sri Lanka"", ""Sands active, Sri Lanka"", ""18.75/Tablet""]"
266,18,Vildagliptin,Tablet,50 mg,68.18/Tablet,pdfplumber_table,"[""266"", ""Vildagliptin"", ""Tablet"", ""50 mg"", ""VILDIPP 50"", ""Sun Pharmaceutical, India"", ""Emerchemie NB"", ""68.18/Tablet""]"
267,18,Erythropoietin,Injection,4000 IU/mL,"1,736.95/Pre filled syringe",pdfplumber_table,"[""267"", ""Erythropoietin"", ""Injection"", ""4000 IU/mL"", ""VINTOR 4000"", ""Genova, India."", ""Emerchemie NB"", ""1,736.95/Pre filled syringe""]"
268,18,Mebendazole Tablets 500 mg,Tablet,500mg,50.25 / Tablet,pdfplumber_table,"[""268"", ""Mebendazole Tablets 500 mg"", ""Tablet"", ""500mg"", ""Wormin 500"", ""Cadila Pharmaceuticals India"", ""Sunshine"", ""50.25 / Tablet""]"
269,18,Insulin Biphasic Isophane,Injection (Recombinant DNA origin),100 IU/mL,913.14/3mL Cartridge,pdfplumber_table,"[""269"", ""Insulin Biphasic Isophane"", ""Injection (Recombinant DNA origin)"", ""100 IU/mL"", ""WOSULIN -30/70"", ""Wockhardt, India."", ""Emerchemie NB"", ""913.14/3mL Cartridge""]"
270,18,Insulin Biphasic Isophane,Injection (Recombinant DNA origin),100 IU/mL,"1,811.39 /3mL vial",pdfplumber_table,"[""270"", ""Insulin Biphasic Isophane"", ""Injection (Recombinant DNA origin)"", ""100 IU/mL"", ""WOSULIN -30/70"", ""Wockhardt, India."", ""Emerchemie NB"", ""1,811.39 /3mL vial""]"
271,18,Bisoprolol Fumarate,Tablet,5mg,35.00 / Tablet,pdfplumber_table,"[""271"", ""Bisoprolol Fumarate"", ""Tablet"", ""5mg"", ""Zabesta 5"", ""USV Pvt Ltd, India"", ""Hemas Pharmaceuticals Pvt Ltd"", ""35.00 / Tablet""]"
272,18,Calcium + Cholecalciferol,Tablet (chewable),1250 mg + 400 IU,30.00/Tablet,pdfplumber_table,"[""272"", ""Calcium + Cholecalciferol"", ""Tablet (chewable)"", ""1250 mg + 400 IU"", ""ZECARB D+"", ""Celogen, Sri Lanka"", ""Celogen, Sri Lanka"", ""30.00/Tablet""]"
273,18,Compound benzoic acid,Ointment,-,296.58/15g,pdfplumber_table,"[""273"", ""Compound benzoic acid"", ""Ointment"", ""-"", ""ZEN WHITFIELD’S"", ""Nanz Med Science,India"", ""SMM Halcyon"", ""296.58/15g""]"
274,18,Zoledronic acid,Injection,4mg,"8,174.39/Vial",pdfplumber_table,"[""274"", ""Zoledronic acid"", ""Injection"", ""4mg"", ""ZOLDRON"", ""Getwel Pharma ,India"", ""Esses Pharmacy"", ""8,174.39/Vial""]"
275,18,Bisacodyl,Suppository,10mg,64.33/Suppository,pdfplumber_table,"[""275"", ""Bisacodyl"", ""Suppository"", ""10mg"", ""ZYCOLAX-10"", ""Zydus Life Science,India"", ""Hemas Pharmaceuticals"", ""64.33/Suppository""]"
276,19,Abacavir,Tablet,300 mg,,pdfplumber_page_text_fallback,"[""276"", ""Abacavir"", ""Tablet"", ""300 mg""]"
277,19,Abiraterone acetate,Tablet,250mg,464.01/ Tablet,pdfplumber_table,"[""277"", ""Abiraterone acetate"", ""Tablet"", ""250mg"", ""Abirone"", ""Hetero Labs, India"", ""Mansel Ceylon Pvt"", ""464.01/ Tablet""]"
278,19,Aciclovir Sodium,Infusion,250mg,978.00/Vial,pdfplumber_table,"[""278"", ""Aciclovir Sodium"", ""Infusion"", ""250mg"", ""Aciclovir Sodium"", ""Crion Drugs & Pharmaceuticals Pvt Ltd India"", ""Ceyoka(Pvt) Ltd"", ""978.00/Vial""]"
279,19,Alcohol Based Hand Rub,-,-,405.00/500mL,pdfplumber_table,"[""279"", ""Alcohol Based Hand Rub"", ""-"", ""-"", ""Setallium"", ""Suraksha Pharma ,Sri Lanka"", ""Suraksha Pharma ,Sri Lanka"", ""405.00/500mL""]"
280,19,Alfacalcidol,Capsule,0.25mcg,10.00/Capsule,pdfplumber_table,"[""280"", ""Alfacalcidol"", ""Capsule"", ""0.25mcg"", ""Aldiol"", ""Softgel Healthcare, India"", ""Pharma Associates"", ""10.00/Capsule""]"
281,19,Amisulpride,Tablet,100mg,26.50/ Tablet,pdfplumber_table,"[""281"", ""Amisulpride"", ""Tablet"", ""100mg"", ""AMIDE 100"", ""Celogen Lanka, Sri Lanka"", ""Celogen Lanka, Sri Lanka"", ""26.50/ Tablet""]"
282,19,Amlodipine Besylate,Tablet,5 mg,9.77/ Tablet,pdfplumber_table,"[""282"", ""Amlodipine Besylate"", ""Tablet"", ""5 mg"", ""Angicam 5"", ""Blue Cross Laboratories, India"", ""Sunshine Healthcare Lanka"", ""9.77/ Tablet""]"
283,19,Amoxicillin & Clavulanate Pottasium,Oral Suspension,156.25mg/5mL,571.06/100mL,pdfplumber_table,"[""283"", ""Amoxicillin & Clavulanate Pottasium"", ""Oral Suspension"", ""156.25mg/5mL"", ""Indclav 156"", ""Indchemie Health Specialities ,India"", ""Pharma Associates"", ""571.06/100mL""]"
284,19,Amoxicillin & Clavulanate Pottasium,Tablet,1000mg,70.00/Tablet,pdfplumber_table,"[""284"", ""Amoxicillin & Clavulanate Pottasium"", ""Tablet"", ""1000mg"", ""Indclav 1000"", ""Indchemie Health Specialities, India"", ""Pharma Associates"", ""70.00/Tablet""]"
285,19,Apixaban,Tablet,2.5 mg,77.49/Tablet,pdfplumber_table,"[""285"", ""Apixaban"", ""Tablet"", ""2.5 mg"", ""APIX 2.5"", ""The ACME Laboratories, Bangladesh"", ""Mega Pharma"", ""77.49/Tablet""]"
286,19,Apixaban,Tablet,2.5 mg,81.50/Tablet,pdfplumber_table,"[""286"", ""Apixaban"", ""Tablet"", ""2.5 mg"", ""ACTICA – 2.5"", ""Micro Labs,India"", ""Micro Healthcare"", ""81.50/Tablet""]"
287,19,Apixaban,Tablet,5 mg,120.00/Tablet,pdfplumber_table,"[""287"", ""Apixaban"", ""Tablet"", ""5 mg"", ""ACTICA – 5"", ""Micro Labs,India"", ""Micro Healthcare"", ""120.00/Tablet""]"
288,19,Ascorbic acid,Chewable Tablets,500 mg,22.50/Tablet,pdfplumber_table,"[""288"", ""Ascorbic acid"", ""Chewable Tablets"", ""500 mg"", ""C-GEN 500"", ""Newgen Lanka Healthcare,Sri lanka"", ""Newgen Lanka Healthcare, Sri Lanka"", ""22.50/Tablet""]"
289,19,Atenolol,Tablet,5O mg,2.40/Tablet,pdfplumber_table,"[""289"", ""Atenolol"", ""Tablet"", ""5O mg"", ""Ateleb-50"", ""Leben Laboratories, India"", ""Ceyoka (Pvt) Ltd"", ""2.40/Tablet""]"
290,19,Atomoxetine,Capsule,18mg,99.88/Capsule,pdfplumber_table,"[""290"", ""Atomoxetine"", ""Capsule"", ""18mg"", ""Attentrol 18"", ""Sun Pharmaceuticals Industries, India"", ""Emerchemie NB"", ""99.88/Capsule""]"
291,20,Atorvastatin,Tablet,40 mg,,pdfplumber_page_text_fallback,"[""291"", ""Atorvastatin"", ""Tablet"", ""40 mg""]"
292,20,Azithromycin,Tablet,500mg,97.65/Tablet(Blister),pdfplumber_table,"[""292"", ""Azithromycin"", ""Tablet"", ""500mg"", ""Zydzith - 500"", ""Cadila Healthcare,India"", ""Sunshine Healthcare Lanka"", ""97.65/Tablet(Blister)""]"
293,20,Beclometasone,Aqueous Nasal Spray,50 mcg,694.17/200 Sprays Bottle,pdfplumber_table,"[""293"", ""Beclometasone"", ""Aqueous Nasal Spray"", ""50 mcg"", ""BECLOMATE NS 50"", ""Jewim Pharmaceutical, China"", ""Emerchemie NB"", ""694.17/200 Sprays Bottle""]"
294,20,Betahistine Dihydrochloride,Tablet,16mg,14.17/Tablet,pdfplumber_table,"[""294"", ""Betahistine Dihydrochloride"", ""Tablet"", ""16mg"", ""BE-Steady 16"", ""Aurobindo Pharma, India"", ""Alaris Lanka"", ""14.17/Tablet""]"
295,20,Betahistine Dihydrochloride,Tablet,8 mg,9.13/Tablet,pdfplumber_table,"[""295"", ""Betahistine Dihydrochloride"", ""Tablet"", ""8 mg"", ""BE-Steady 8"", ""Aurobindo Pharma, India"", ""Alaris Lanka"", ""9.13/Tablet""]"
296,20,Betamethasone Dipropionate 0.064%W/W and Salicylic Acid BP 3%W/W,Ointment,-,777.12/15g tube,pdfplumber_table,"[""296"", ""Betamethasone Dipropionate 0.064%W/W and Salicylic Acid BP 3%W/W"", ""Ointment"", ""-"", ""Beprosalic"", ""HOE Pharmaceuticals, Malaysia"", ""Indoscan (Pvt) Ltd"", ""777.12/15g tube""]"
297,20,Bevacizumab Concentrated Solution,Infusion,100mg/4 mL,"30,588.04/Vial",pdfplumber_table,"[""297"", ""Bevacizumab Concentrated Solution"", ""Infusion"", ""100mg/4 mL"", ""Versavo 100"", ""Dr .Reddy’s Labratories Ltd"", ""Emerchemie NB"", ""30,588.04/Vial""]"
298,20,Bevacizumab Concentrated Solution,Infusion,400mg/16mL,"89,579.26/Vial",pdfplumber_table,"[""298"", ""Bevacizumab Concentrated Solution"", ""Infusion"", ""400mg/16mL"", ""Versavo 400"", ""Dr .Reddy’s Labratories Ltd"", ""Emerchemie NB"", ""89,579.26/Vial""]"
299,20,Bisacodyl Delayed Release,Tablet,5mg,4.95/Tablet,pdfplumber_table,"[""299"", ""Bisacodyl Delayed Release"", ""Tablet"", ""5mg"", ""CORLEX"", ""Akums Drugs & Pharmceuticals, India"", ""Sterix Healthcare"", ""4.95/Tablet""]"
300,20,Bisoprolol Fumarate,Tablet,5mg,19.25/Tablet,pdfplumber_table,"[""300"", ""Bisoprolol Fumarate"", ""Tablet"", ""5mg"", ""Bisogen 5"", ""Newgen Lanka Healthcare, Sri Lanka"", ""Newgen Lanka Healthcare, Sri Lanka"", ""19.25/Tablet""]"
301,20,Bivalent Poliomyelitis,Vaccine,Type 1 & 3 Live (Oral),"1,863.10/20 doses",pdfplumber_table,"[""301"", ""Bivalent Poliomyelitis"", ""Vaccine"", ""Type 1 & 3 Live (Oral)"", ""BIOPOLIO B1/3"", ""Bharat Biotech International, India"", ""Gulf Pharma"", ""1,863.10/20 doses""]"
302,20,Bivalent Poliomyelitis,Vaccine,Type 1 & 3 Live (Oral),931.55/10 doses,pdfplumber_table,"[""302"", ""Bivalent Poliomyelitis"", ""Vaccine"", ""Type 1 & 3 Live (Oral)"", ""BIOPOLIO B1/3"", ""Bharat Biotech International, India"", ""Gulf Pharma"", ""931.55/10 doses""]"
303,21,Brimonidine Tartrate + Timolol,Eye Drops,2 mg/mL + 5 mg/mL,,pdfplumber_page_text_fallback,"[""303"", ""Brimonidine Tartrate + Timolol"", ""Eye Drops"", ""2 mg/mL + 5 mg/mL""]"
304,21,Brimonidine Tartrate Ophthalmic Solution 0.1%w/v,Eye Drops,-,"2,492.00/5mL",pdfplumber_table,"[""304"", ""Brimonidine Tartrate Ophthalmic Solution 0.1%w/v"", ""Eye Drops"", ""-"", ""Brimonidine Tartrate"", ""Allergan Sales, USA"", ""Hemas Pharmaceuticals"", ""2,492.00/5mL""]"
305,21,Cabergoline,Tablet,0.5mg,277.99/Tablet,pdfplumber_table,"[""305"", ""Cabergoline"", ""Tablet"", ""0.5mg"", ""Cabergoline"", ""Treffer Pharmaceuticals,India"", ""Yaden International"", ""277.99/Tablet""]"
306,21,Calcipotriol,Ointment,0.005%W/W,"3,000.00/15g",pdfplumber_table,"[""306"", ""Calcipotriol"", ""Ointment"", ""0.005%W/W"", ""Caligen"", ""Newgen Lanka Healthcare,Sri Lanka"", ""Newgen Lanka Healthcare, Sri Lanka"", ""3,000.00/15g""]"
307,21,Calcipotriol,Ointment,0.005%W/W,"4,000.00/30g",pdfplumber_table,"[""307"", ""Calcipotriol"", ""Ointment"", ""0.005%W/W"", ""Caligen"", ""Newgen Lanka Healthcare,Sri Lanka"", ""Newgen Lanka Healthcare, Sri Lanka"", ""4,000.00/30g""]"
308,21,Calcium 250mg + Vitamin D3 400IU,Soft Gelatin Capsule,-,35.12/Capsule,pdfplumber_table,"[""308"", ""Calcium 250mg + Vitamin D3 400IU"", ""Soft Gelatin Capsule"", ""-"", ""MOMCAL"", ""Contract Manufacturing & Packaging Services pty,Australia"", ""Alaris Lanka"", ""35.12/Capsule""]"
309,21,Calcium Carbonate 625mg+ Vitamin D3 400IU,Soft Gelatin Capsule,-,44.78/Capsule,pdfplumber_table,"[""309"", ""Calcium Carbonate 625mg+ Vitamin D3 400IU"", ""Soft Gelatin Capsule"", ""-"", ""THERACAL"", ""Contract Manufacturing & Packaging Services pty,Australia"", ""Alaris Lanka"", ""44.78/Capsule""]"
310,21,Calcium Folinate,Injection,50mg,"1,822.00/Vial",pdfplumber_table,"[""310"", ""Calcium Folinate"", ""Injection"", ""50mg"", ""FOLINEX 50"", ""Beacon Pharmaceuticals Bangaladesh"", ""Emerchemie NB"", ""1,822.00/Vial""]"
311,21,Candesartan,Tablet,16 mg,65.00/Tablet,pdfplumber_table,"[""311"", ""Candesartan"", ""Tablet"", ""16 mg"", ""Treatan 16"", ""CIC Holding, Sri Lanka"", ""CIC Holding, Sri Lanka"", ""65.00/Tablet""]"
312,21,Carbimazole,Tablet,10mg,"28.50/Tablet (Blister), 26.22/ Tablet (Bulk)",pdfplumber_table,"[""312"", ""Carbimazole"", ""Tablet"", ""10mg"", ""CARBIZ – 10"", ""Celogen Lanka, Sri Lanka"", ""Celogen Lanka, Sri Lanka"", ""28.50/Tablet (Blister), 26.22/ Tablet (Bulk)""]"
313,21,Carvedilol,Tablet,6.25mg,"10.30/Tablet (Blister), 9.48/ Tablet (Bulk)",pdfplumber_table,"[""313"", ""Carvedilol"", ""Tablet"", ""6.25mg"", ""CONDIL-6.25"", ""Celogen Lanka, Sri Lanka"", ""Celogen Lanka, Sri Lanka"", ""10.30/Tablet (Blister), 9.48/ Tablet (Bulk)""]"
314,22,Carvedilol,Tablet,12.5 mg,,pdfplumber_page_text_fallback,"[""314"", ""Carvedilol"", ""Tablet"", ""12.5 mg""]"
315,22,Carvedilol,Tablet,3.125mg,8.00/Tablet,pdfplumber_table,"[""315"", ""Carvedilol"", ""Tablet"", ""3.125mg"", ""Betadol 3.125"", ""Centurion Laboratories, India"", ""Yaden International"", ""8.00/Tablet""]"
316,22,Cefepime,Injection,1000mg,"1,094.40/Vial",pdfplumber_table,"[""316"", ""Cefepime"", ""Injection"", ""1000mg"", ""MELPIM 1000"", ""Sands Active, Sri lanka"", ""Sands Active, Sri lanka"", ""1,094.40/Vial""]"
317,22,Cefepime,Injection,500mg,629.64/Vial,pdfplumber_table,"[""317"", ""Cefepime"", ""Injection"", ""500mg"", ""Dizma 4"", ""Zafa Pharmaceutical Laboratories, India"", ""Yaden International"", ""629.64/Vial""]"
318,22,Ceftazidime,Injection,1000mg,880.00/Vial,pdfplumber_table,"[""318"", ""Ceftazidime"", ""Injection"", ""1000mg"", ""C-TZID 1000"", ""Sands Active, Sri lanka"", ""Sands Active, Sri lanka"", ""880.00/Vial""]"
319,22,Ceftriaxone,Injection,500mg,690.00/Vial,pdfplumber_table,"[""319"", ""Ceftriaxone"", ""Injection"", ""500mg"", ""TRIAXIWA 500"", ""Sands Active, Sri lanka"", ""Sands Active, Sri lanka"", ""690.00/Vial""]"
320,22,Cefuroxime Axetil,Tablet,125mg,51.73/Tablet,pdfplumber_table,"[""320"", ""Cefuroxime Axetil"", ""Tablet"", ""125mg"", ""MILCEF 125"", ""The Madras Pharmaceuticals, India"", ""Pharma Associates"", ""51.73/Tablet""]"
321,22,Cefuroxime Axetil,Tablet,250mg,66.87/Tablet,pdfplumber_table,"[""321"", ""Cefuroxime Axetil"", ""Tablet"", ""250mg"", ""RITIL-250"", ""Micro Labs India"", ""Micro Healthcare"", ""66.87/Tablet""]"
322,22,Celecoxib,Capsule,100mg,7.21/Capsule,pdfplumber_table,"[""322"", ""Celecoxib"", ""Capsule"", ""100mg"", ""Celecoxib"", ""Zydus Lifesciences ,India"", ""Sunshine Healthcare Lanka"", ""7.21/Capsule""]"
323,22,Cephalexin,Capsule,500mg,29.71/Capsule,pdfplumber_table,"[""323"", ""Cephalexin"", ""Capsule"", ""500mg"", ""Nexporin - 500"", ""Scott- Edil,India"", ""Slim Pharmaceuticals"", ""29.71/Capsule""]"
324,22,Cephalexin,Oral Suspension,125mg/5 mL,296.00/100 mL,pdfplumber_table,"[""324"", ""Cephalexin"", ""Oral Suspension"", ""125mg/5 mL"", ""Cephadex Dry Syrup"", ""Medispray aboratories India"", ""Breath Free Lanka"", ""296.00/100 mL""]"
325,22,Ascorbic Acid,Chewable Tablet,500mg,20.00/Tablet,pdfplumber_table,"[""325"", ""Ascorbic Acid"", ""Chewable Tablet"", ""500mg"", ""ASBIC - O"", ""Celogen Lanka, Sri Lanka"", ""Celogen Lanka, Sri Lanka"", ""20.00/Tablet""]"
326,22,Chlorpheniramine Maleate,Oral Solution,2 mg/5mL,150.00/60mL,pdfplumber_table,"[""326"", ""Chlorpheniramine Maleate"", ""Oral Solution"", ""2 mg/5mL"", ""Hymine"", ""ACE Healthcare , Sri Lanka"", ""ACE Healthcare , Sri Lanka"", ""150.00/60mL""]"
327,22,Chlorpheniramine Maleate,Oral Solution,2 mg/5mL,208.00/100mL,pdfplumber_table,"[""327"", ""Chlorpheniramine Maleate"", ""Oral Solution"", ""2 mg/5mL"", ""Hymine"", ""ACE Healthcare , Sri Lanka"", ""ACE Healthcare , Sri Lanka"", ""208.00/100mL""]"
328,22,Chlorpheniramine Maleate,Oral Solution,2 mg/5mL,650.00/500mL,pdfplumber_table,"[""328"", ""Chlorpheniramine Maleate"", ""Oral Solution"", ""2 mg/5mL"", ""Hymine"", ""ACE Healthcare , Sri Lanka"", ""ACE Healthcare , Sri Lanka"", ""650.00/500mL""]"
329,22,Chlorpheniramine Maleate,Tablet,4mg,"2.00/Blister/Tablet, 1.68/ Bulk/ Tablet",pdfplumber_table,"[""329"", ""Chlorpheniramine Maleate"", ""Tablet"", ""4mg"", ""ALLERMINE"", ""Astron, sri Lanka"", ""Astron – Sri Lanka"", ""2.00/Blister/Tablet, 1.68/ Bulk/ Tablet""]"
330,23,Cholecalciferol,Tablet,1000 IU,,pdfplumber_page_text_fallback,"[""330"", ""Cholecalciferol"", ""Tablet"", ""1000 IU""]"
331,23,Ciprofloxacin,Eye/Ear Drop,0.30%,202.95/5mL,pdfplumber_table,"[""331"", ""Ciprofloxacin"", ""Eye/Ear Drop"", ""0.30%"", ""CIPROCIN"", ""Square Pharmaceuticals, Bangladesh"", ""CIC Holdings"", ""202.95/5mL""]"
332,23,Cisatracurium Besylate,Injection,10mg/5mL,"2,610.38/Vial",pdfplumber_table,"[""332"", ""Cisatracurium Besylate"", ""Injection"", ""10mg/5mL"", ""CISATRA"", ""Themis Medicare, India"", ""Sunshine Healthcare Lanka"", ""2,610.38/Vial""]"
333,23,Clarithromycin,Tablet,500mg,90.00/Tablet,pdfplumber_table,"[""333"", ""Clarithromycin"", ""Tablet"", ""500mg"", ""Clarigen 500"", ""Newgen Lanka Healthcare,Sri Lanka"", ""Newgen Lanka Healthcare,Sri Lanka"", ""90.00/Tablet""]"
334,23,Clindamycin Hydrochloride,Capsule,300mg,73.00/Tablet,pdfplumber_table,"[""334"", ""Clindamycin Hydrochloride"", ""Capsule"", ""300mg"", ""LINDAMAX 300"", ""Eskayef Pharmaceuticals,Bangladesh"", ""Truvic (Pvt) Ltd."", ""73.00/Tablet""]"
335,23,Clonazepam,Tablet,2mg,28.00/Tablet,pdfplumber_table,"[""335"", ""Clonazepam"", ""Tablet"", ""2mg"", ""Clonazepam"", ""Mercury Laboratories ,India"", ""Yaden International"", ""28.00/Tablet""]"
336,23,Clonazepam,Tablet,0.5mg,5.10/Tablet,pdfplumber_table,"[""336"", ""Clonazepam"", ""Tablet"", ""0.5mg"", ""Clonazepam"", ""Morison, Sri lanka"", ""Morison, Sri lanka"", ""5.10/Tablet""]"
337,23,Clotrimazole,Vaginal Tablet,100mg,175.87/Tablet,pdfplumber_table,"[""337"", ""Clotrimazole"", ""Vaginal Tablet"", ""100mg"", ""Mycoril"", ""Remedica,Cyprus"", ""Kandana Foods and Drugs"", ""175.87/Tablet""]"
338,23,Co-amoxiclav,Injection,1.2g,"1,025.54/Vial",pdfplumber_table,"[""338"", ""Co-amoxiclav"", ""Injection"", ""1.2g"", ""CLANEKSI"", ""PT Sanbe ,Indonesia"", ""Softlogic Pharmaceuticals"", ""1,025.54/Vial""]"
339,23,Compound Sodium Lactate (Ringer Lactate Solution),Infusion,-,205.56/500mL,pdfplumber_table,"[""339"", ""Compound Sodium Lactate (Ringer Lactate Solution)"", ""Infusion"", ""-"", ""Compound Sodium Lactate"", ""Aculife Healthcare,India"", ""Emerchemie NB"", ""205.56/500mL""]"
340,23,Compound Sodium Lactate (Ringer Lactate Solution),Infusion,-,300.82/1000mL,pdfplumber_table,"[""340"", ""Compound Sodium Lactate (Ringer Lactate Solution)"", ""Infusion"", ""-"", ""Compound Sodium Lactate"", ""Aculife Healthcare,India"", ""Emerchemie NB"", ""300.82/1000mL""]"
341,23,Cyclosporine,Capsule,25mg,290.00/Tablet,pdfplumber_table,"[""341"", ""Cyclosporine"", ""Capsule"", ""25mg"", ""Cyclosporine"", ""Centurion Laboratories, India"", ""Yaden International"", ""290.00/Tablet""]"
342,23,Dapagliflozin,Tablet,10mg,109.93/Tablet,pdfplumber_table,"[""342"", ""Dapagliflozin"", ""Tablet"", ""10mg"", ""Dapaget 10"", ""Getz Pharma ,Pakistan"", ""Hemas Pharmaceuticals"", ""109.93/Tablet""]"
343,24,Dapagliflozin,Tablet,10 mg,,pdfplumber_page_text_fallback,"[""343"", ""Dapagliflozin"", ""Tablet"", ""10 mg""]"
344,24,Dapagliflozin,Tablet,5mg,88.04/Tablet,pdfplumber_table,"[""344"", ""Dapagliflozin"", ""Tablet"", ""5mg"", ""Dapaget 5"", ""Getz Pharma ,Pakistan"", ""Hemas Pharmaceuticals"", ""88.04/Tablet""]"
345,24,Dapagliflozin,Tablet,5mg,38.13/Tablet,pdfplumber_table,"[""345"", ""Dapagliflozin"", ""Tablet"", ""5mg"", ""INVAFLOZIN 5"", ""Inventia Healthcare ,India"", ""Emerchemie NB"", ""38.13/Tablet""]"
346,24,Darbepoetin Alfa,Injection,60mcg/0.30mL,"17,554.86/Pre filled Syringe",pdfplumber_table,"[""346"", ""Darbepoetin Alfa"", ""Injection"", ""60mcg/0.30mL"", ""DERISE 60"", ""Hetero Biopharma, India"", ""Divasa Pharma"", ""17,554.86/Pre filled Syringe""]"
347,24,Dexamethasone Sodium Phosphate,Injection,8mg/2mL,45.00/Ampoule,pdfplumber_table,"[""347"", ""Dexamethasone Sodium Phosphate"", ""Injection"", ""8mg/2mL"", ""Dexamethasone Sodium Phophate"", ""Kelun Lifescience , Sri Lanka"", ""Kelun Lifesciences, Sri Lanka"", ""45.00/Ampoule""]"
348,24,Dienogest,Tablet,2mg,487.11/Tablet,pdfplumber_table,"[""348"", ""Dienogest"", ""Tablet"", ""2mg"", ""Visanne"", ""Bayer Weimar GmbH, Germany"", ""Hemas Pharmaceuticals"", ""487.11/Tablet""]"
349,24,Digoxin,Injection,250mcg/mL,354.00/2mL,pdfplumber_table,"[""349"", ""Digoxin"", ""Injection"", ""250mcg/mL"", ""DIGIVER"", ""Verve Human Care Laboratories, India"", ""Leader Pharma"", ""354.00/2mL""]"
350,24,Dipyridamole,Tablet,100mg,22.20/Tablet,pdfplumber_table,"[""350"", ""Dipyridamole"", ""Tablet"", ""100mg"", ""Pyrigen 100"", ""Newgen Lanka Healthcare,Sri Lanka"", ""Newgen Lanka Healthcare,Sri Lanka"", ""22.20/Tablet""]"
